40,24,15,18,23,11,17,19,20,13,16,18,15,10,13,11,11,28,13,20,18,17,15,17,17,19,13,23,25,15,18,13,11,20,13,17,23,13,17,27,17,10,16,14,19,16,26,23,13,23,5,7,7,5,6,6,6,4,4,6,4,6,5,6,5,6,7,5,7,5,7,5,7,5,5,5,7,7,7,5,4,4,5,7,7,7,6,5,5,5,5,6,5,5,5,5,5,5,7,5,5,6,4,6,5,4,7,5,6,4,6,5,5,6,6,5,6,4,4,7,5,6,4,7,5,5,7,7,5,5,4,4,5,7,6,4,5,6,7,5,5,6,6,5,5,5,6,5,5,7
24,38,15,18,23,12,18,19,20,18,16,18,24,16,13,12,12,17,14,14,18,12,15,13,17,26,14,18,25,15,18,14,12,20,18,17,17,18,24,19,13,11,16,12,14,24,18,23,13,23,6,8,8,6,7,7,7,7,5,7,5,10,6,7,6,7,10,6,8,6,8,6,8,6,6,8,8,11,8,6,5,5,6,8,10,8,7,6,8,6,6,10,6,6,6,8,6,6,6,6,6,7,7,7,8,7,10,6,7,5,7,6,8,7,7,6,9,5,5,8,6,7,5,8,6,6,8,11,6,8,5,5,6,8,7,7,6,7,10,6,6,7,7,6,6,9,7,8,6,11
15,15,26,15,15,9,10,16,12,11,13,15,10,8,10,9,11,10,11,11,15,9,12,10,14,16,11,15,16,19,15,11,9,12,11,19,19,11,18,16,13,10,25,9,11,10,15,19,10,15,7,10,7,5,6,6,6,4,4,6,4,6,5,6,5,6,7,5,7,5,10,5,7,5,5,5,7,7,7,5,4,4,5,7,7,7,6,5,5,5,5,6,5,5,5,5,5,5,5,5,5,6,4,6,5,4,7,5,6,4,8,5,5,6,6,8,6,4,4,7,7,6,4,7,5,8,7,7,5,5,4,4,5,7,6,4,5,6,7,5,5,6,6,7,5,5,6,5,5,7
18,18,15,38,18,11,14,25,15,24,23,18,12,10,13,14,11,12,13,16,18,16,19,12,17,19,13,24,19,15,25,18,15,15,24,17,17,24,17,26,12,10,16,11,13,12,18,22,19,18,5,7,10,5,6,6,6,4,4,6,4,6,5,6,5,9,7,5,7,5,7,5,7,5,5,5,7,7,7,5,4,4,5,7,7,7,9,5,5,5,5,6,5,5,5,5,5,5,5,5,5,6,4,6,5,4,7,5,6,4,6,5,5,6,6,5,6,4,4,7,5,6,4,7,5,5,7,7,5,5,4,4,5,7,6,4,5,8,7,8,8,9,6,5,5,5,6,5,5,7
23,23,15,18,34,11,16,26,19,13,16,18,14,10,13,11,11,15,13,13,18,11,19,12,17,26,18,18,24,15,18,13,11,19,13,23,17,13,17,19,16,10,16,16,13,15,18,22,13,30,6,8,8,6,7,7,7,5,5,7,7,7,6,7,6,7,8,6,8,6,8,6,8,6,6,6,8,8,8,6,5,5,6,8,8,8,7,6,6,6,6,7,6,8,6,6,6,6,6,6,6,7,5,7,6,5,8,6,7,7,7,6,6,7,7,6,7,5,5,8,6,7,5,8,6,6,8,8,6,6,5,5,6,8,7,5,6,7,8,6,6,7,7,6,6,6,7,6,6,8
11,12,9,11,11,26,11,12,9,12,16,11,11,9,8,12,21,11,14,12,23,13,9,13,11,12,14,11,12,9,11,25,10,9,12,10,10,12,10,12,11,9,9,10,14,11,12,10,8,12,5,7,7,5,6,6,6,4,4,6,4,6,5,6,5,6,7,5,7,5,7,5,7,5,5,5,7,7,7,5,4,4,5,7,9,7,6,5,5,5,5,6,5,5,5,5,5,5,5,5,5,6,4,6,5,4,7,5,6,4,6,5,5,6,6,5,6,4,4,7,5,6,4,7,5,5,7,7,5,5,4,4,5,7,6,4,5,6,7,5,5,6,6,5,5,5,6,5,5,7
17,18,10,14,16,11,32,19,14,13,11,17,16,10,9,11,11,23,15,16,18,11,12,12,16,13,19,12,25,10,12,19,11,14,13,11,11,13,11,18,15,12,10,11,13,21,13,21,9,17,5,7,7,5,6,6,6,4,4,6,4,6,5,6,5,6,7,5,7,5,7,5,7,5,5,5,7,7,7,5,4,4,5,7,7,9,6,5,5,5,5,6,5,5,5,5,5,5,5,5,5,6,4,6,5,4,7,5,6,4,6,5,5,6,6,5,6,4,4,7,5,6,4,7,5,5,7,7,5,5,4,4,5,7,6,4,7,6,7,5,5,6,6,5,5,5,6,5,7,7
19,19,16,25,26,12,19,50,16,18,24,28,13,11,14,15,12,13,14,17,28,17,16,13,26,28,30,25,29,16,19,29,16,16,18,25,18,18,18,40,18,11,17,18,14,13,19,18,20,26,6,8,8,6,7,7,7,5,5,7,7,7,6,7,6,7,8,6,8,6,8,6,8,6,6,6,8,8,8,6,5,5,6,8,8,10,7,6,6,6,6,7,6,8,6,6,6,6,6,6,6,7,5,7,6,5,8,6,7,5,7,6,6,7,7,6,7,5,5,8,6,7,5,8,6,6,8,8,6,6,5,5,6,8,7,5,8,7,8,6,6,7,7,6,6,6,7,6,8,8
20,20,12,15,19,9,14,16,20,11,13,15,12,8,10,9,9,13,11,11,15,9,12,10,14,16,11,15,21,12,15,11,9,16,11,14,14,11,16,16,10,8,15,9,11,13,15,19,10,19,5,7,7,5,6,6,6,4,6,6,4,6,5,8,7,6,7,5,7,5,7,5,7,5,7,5,7,7,9,5,4,4,5,7,7,7,6,5,5,5,5,6,5,5,5,5,7,7,5,5,5,6,4,8,5,4,7,7,6,4,6,5,5,6,6,5,6,4,4,7,5,6,4,7,5,5,7,7,5,5,4,4,5,7,6,4,5,6,7,5,5,6,6,5,5,5,6,5,5,7
13,18,11,24,13,12,13,18,11,32,17,13,15,13,10,15,12,13,14,17,14,17,11,13,13,14,14,17,14,11,17,19,20,11,32,12,12,32,12,19,13,11,11,12,14,13,14,12,14,14,6,8,11,6,7,7,7,7,5,7,5,7,6,7,6,10,8,6,8,6,8,6,8,6,6,6,8,8,8,6,5,5,6,8,8,8,10,6,6,6,6,7,6,6,6,6,6,6,6,6,6,7,5,7,6,5,10,6,7,5,7,6,6,7,7,6,7,5,5,8,6,7,5,8,6,6,8,8,6,6,5,5,6,8,7,5,6,9,8,9,9,10,7,6,6,6,7,6,6,8
16,16,13,23,16,16,11,24,13,17,36,16,11,9,11,14,15,11,12,16,25,18,13,11,15,17,12,23,17,13,16,27,15,13,17,15,15,17,15,25,11,9,14,10,12,11,16,15,22,16,5,7,7,5,6,6,6,4,4,6,4,6,5,6,5,6,7,5,7,5,7,5,7,5,5,5,7,7,7,5,4,4,5,7,9,7,6,5,5,5,5,6,5,5,5,5,5,5,5,5,5,6,4,6,5,4,7,5,6,4,6,5,5,6,6,5,6,4,4,7,5,6,4,7,5,5,7,7,5,5,4,4,5,7,6,4,5,6,7,5,5,6,6,5,5,5,6,5,5,7
18,18,15,18,18,11,17,28,15,13,16,44,14,10,13,11,11,12,13,13,26,11,15,12,31,25,26,18,27,20,30,20,11,15,13,17,17,13,17,27,12,10,16,14,13,14,23,17,13,18,5,7,7,5,6,6,6,4,4,6,4,6,5,6,5,6,7,5,7,5,7,5,7,5,5,5,7,7,7,5,4,4,5,7,7,9,6,5,5,5,5,6,5,5,5,5,5,5,5,5,5,6,4,6,5,4,7,5,6,4,6,5,5,6,6,5,6,4,4,7,5,6,4,7,5,5,7,7,5,5,4,4,5,7,6,4,7,6,7,5,5,6,6,5,5,5,6,5,7,7
15,24,10,12,14,11,16,13,12,15,11,14,30,19,9,11,11,15,13,13,13,11,10,12,14,18,13,12,16,10,14,13,13,12,15,11,11,15,16,13,12,10,10,11,13,26,13,14,9,15,5,7,7,5,6,6,6,4,4,6,4,9,5,6,5,6,9,5,7,5,7,5,7,5,5,7,7,10,7,5,4,4,5,7,9,7,6,5,7,5,5,9,5,5,5,7,5,5,5,5,5,6,6,6,7,6,7,5,6,4,6,5,7,6,6,5,8,4,4,7,5,6,4,7,5,5,7,10,5,7,4,4,5,7,6,6,5,6,9,5,5,6,6,5,5,8,6,7,5,10
10,16,8,10,10,9,10,11,8,13,9,10,19,16,7,9,9,10,11,11,11,9,8,10,10,15,11,10,11,8,10,11,11,8,13,9,9,13,13,11,10,8,8,9,11,14,11,9,7,11,5,7,7,5,6,6,6,4,4,6,4,9,5,6,5,6,9,5,7,5,7,5,7,5,5,7,7,10,7,5,4,4,5,7,9,7,6,5,7,5,5,9,5,5,5,7,5,5,5,5,5,6,6,6,7,6,7,5,6,4,6,5,7,6,6,5,8,4,4,7,5,6,4,7,5,5,7,10,5,7,4,4,5,7,6,6,5,6,9,5,5,6,6,5,5,8,6,7,5,10
13,13,10,13,13,8,9,14,10,10,11,13,9,7,12,8,8,9,10,10,13,8,10,9,12,14,10,13,14,10,13,10,8,10,10,14,12,10,12,14,9,7,11,8,10,9,13,12,8,13,5,7,7,5,6,6,6,4,4,6,4,6,5,6,5,6,7,8,7,5,7,5,7,5,5,5,7,7,7,5,4,4,8,7,7,7,6,5,5,5,5,6,7,5,5,5,5,5,5,5,5,9,4,6,5,4,7,5,6,4,6,5,5,6,8,5,6,4,4,7,5,6,4,7,5,5,7,7,5,5,4,4,5,7,6,4,5,6,7,5,5,6,9,5,5,5,6,5,5,7
11,12,9,14,11,12,11,15,9,15,14,11,11,9,8,20,12,11,16,14,12,19,9,11,11,12,14,14,12,9,11,22,13,9,15,10,10,15,10,16,11,9,9,10,14,11,12,10,11,12,5,7,7,5,6,8,6,4,4,6,4,6,5,6,5,6,7,5,7,5,7,5,7,5,5,5,7,7,7,7,4,4,5,7,7,7,6,5,5,5,5,6,5,5,5,7,7,5,5,7,5,6,4,6,5,4,7,5,6,4,6,5,5,8,6,5,6,4,4,7,5,6,4,7,5,5,7,7,5,5,4,4,5,7,6,4,5,6,7,5,5,6,6,5,5,5,6,5,5,7
11,12,11,11,11,21,11,12,9,12,15,11,11,9,8,12,22,11,12,12,18,13,9,11,11,12,14,11,12,9,11,24,10,9,12,10,13,12,12,12,14,11,11,10,14,11,12,10,8,12,5,7,7,5,6,6,6,4,4,6,4,6,5,6,5,6,7,5,7,5,7,5,7,5,5,5,7,7,7,5,4,4,5,7,9,7,6,5,5,5,5,6,5,5,5,5,5,5,5,5,5,6,4,6,5,4,7,5,6,4,6,5,5,6,6,5,6,4,4,7,5,6,4,7,5,5,7,7,5,5,4,4,5,7,6,4,5,6,7,5,5,6,6,5,5,5,6,5,5,7
28,17,10,12,15,11,23,13,13,13,11,12,15,10,9,11,11,40,17,27,13,17,10,17,12,13,13,15,17,10,12,13,11,13,13,11,15,13,11,19,24,14,10,14,19,22,19,15,9,16,5,7,7,5,6,6,6,4,4,6,4,6,5,6,5,6,7,5,7,5,7,5,7,5,5,5,7,7,7,5,4,4,5,7,7,7,6,5,5,5,5,6,5,5,5,5,5,5,7,5,5,6,4,6,5,4,7,5,6,4,6,5,5,6,6,5,6,4,4,7,5,6,4,7,5,5,7,7,5,5,4,4,5,7,6,4,5,6,7,5,5,6,6,5,5,5,6,5,5,7
13,14,11,13,13,14,15,14,11,14,12,13,13,11,10,16,12,17,28,24,16,12,11,15,13,14,14,13,14,11,13,14,12,11,14,12,12,14,12,14,16,13,11,12,18,15,18,12,10,14,6,8,8,6,7,9,7,5,5,7,5,7,6,7,6,7,8,6,8,6,8,6,8,6,6,6,8,8,8,8,5,5,6,8,8,8,7,6,6,6,6,7,6,6,6,8,8,6,6,8,6,7,5,7,6,5,8,6,7,5,7,6,6,9,7,6,7,7,5,8,6,7,5,8,6,6,8,8,6,6,5,7,6,8,7,5,6,7,8,6,6,7,7,6,6,6,7,6,6,8
20,14,11,16,13,12,16,17,11,17,16,13,13,11,10,14,12,27,24,42,14,25,11,19,13,14,14,16,14,11,13,18,15,11,17,12,12,17,12,27,17,14,11,12,28,16,28,12,13,14,6,8,8,6,7,7,7,5,5,7,5,7,6,7,6,7,8,6,8,6,8,6,8,6,6,6,8,8,8,6,5,5,6,8,8,8,7,6,6,6,6,7,6,6,6,6,6,6,8,6,6,7,5,7,6,5,8,6,7,5,7,6,6,7,7,6,7,7,5,8,6,7,5,8,6,6,8,8,6,6,5,7,6,8,7,5,6,7,8,6,6,7,7,6,6,6,7,6,6,8
18,18,15,18,18,23,18,28,15,14,25,26,13,11,13,12,18,13,16,14,42,12,15,15,24,19,21,18,27,15,18,31,12,15,14,17,17,14,17,27,13,11,16,12,14,13,18,17,13,18,6,8,8,6,7,7,7,5,5,7,5,7,6,7,6,7,8,6,8,6,8,6,8,6,6,6,8,8,8,6,5,5,6,8,10,10,7,6,6,6,6,7,6,6,6,6,6,6,6,6,6,7,5,7,6,5,8,6,7,5,7,6,6,7,7,6,7,5,5,8,6,7,5,8,6,6,8,8,6,6,5,5,6,8,7,5,8,7,8,6,6,7,7,6,6,6,7,6,8,8
17,12,9,16,11,13,11,17,9,17,18,11,11,9,8,19,13,17,12,25,12,34,9,16,11,12,15,16,12,9,11,25,15,9,17,10,10,17,10,26,11,9,9,10,23,11,18,10,15,12,5,7,7,5,6,6,6,4,4,6,4,6,5,6,5,6,7,5,7,5,7,5,7,5,5,5,7,7,7,5,4,4,5,7,7,7,6,5,5,5,5,6,5,5,5,5,5,5,7,5,5,6,4,6,5,4,7,5,6,4,6,5,5,6,6,5,6,4,4,7,5,6,4,7,5,5,7,7,5,5,4,4,5,7,6,4,5,6,7,5,5,6,6,5,5,5,6,5,5,7
15,15,12,19,19,9,12,16,12,11,13,15,10,8,10,9,9,10,11,11,15,9,20,10,14,16,11,15,16,12,15,11,9,12,11,14,14,11,14,16,10,8,13,9,11,10,15,19,10,15,5,7,7,5,6,6,6,4,4,6,4,6,5,6,5,6,7,5,7,5,7,5,7,5,5,5,7,7,7,5,4,4,5,7,7,7,6,5,5,5,5,6,5,5,5,5,5,5,5,5,5,6,4,6,5,4,7,5,6,6,6,5,5,6,6,5,6,4,4,7,5,6,4,7,5,5,7,7,5,5,4,4,5,7,6,4,5,6,7,5,5,6,6,5,5,5,6,5,5,7
17,13,10,12,12,13,12,13,10,13,11,12,12,10,9,11,11,17,15,19,15,16,10,22,12,13,13,12,13,10,12,13,11,10,13,11,11,13,11,18,12,10,10,11,18,12,18,11,9,17,6,8,8,6,7,7,9,5,5,7,5,7,6,7,6,7,8,6,8,6,8,6,8,6,6,6,8,8,8,6,5,5,6,8,8,8,7,6,6,6,6,7,6,6,6,6,6,6,8,6,9,7,5,7,6,5,8,6,7,5,7,6,6,7,7,6,7,5,5,8,6,7,5,8,8,6,8,8,6,6,5,5,6,8,7,5,6,7,8,6,6,7,7,6,8,6,7,6,6,8
17,17,14,17,17,11,16,26,14,13,15,31,14,10,12,11,11,12,13,13,24,11,14,12,30,18,19,17,25,14,21,19,11,14,13,16,16,13,16,25,12,10,15,11,15,14,17,16,12,17,5,7,7,5,6,6,6,4,4,6,4,6,5,6,5,6,7,5,7,5,7,5,7,5,5,5,7,7,7,5,4,4,5,7,7,9,6,5,5,5,5,6,5,5,5,5,5,5,5,5,5,6,4,6,5,4,7,5,6,4,6,5,5,6,6,5,6,4,4,7,5,6,4,7,5,5,7,7,5,5,4,4,5,7,6,4,7,6,7,5,5,6,6,5,5,5,6,5,7,7
19,26,16,19,26,12,13,28,16,14,17,25,18,15,14,12,12,13,14,14,19,12,16,13,18,42,26,19,20,21,24,14,12,16,14,25,18,14,24,20,18,11,17,23,14,17,24,18,14,26,6,8,8,6,7,7,7,5,5,7,7,10,6,7,6,7,10,6,8,6,8,6,8,6,6,8,8,11,8,6,5,5,6,8,10,8,7,6,8,6,6,10,6,8,6,8,6,6,6,6,6,7,7,7,8,7,8,6,7,5,7,6,8,7,7,6,9,5,5,8,6,7,5,8,6,6,8,11,6,8,5,5,6,8,7,7,6,7,10,6,6,7,7,6,6,9,7,8,6,11
13,14,11,13,18,14,19,30,11,14,12,26,13,11,10,14,14,13,14,14,21,15,11,13,19,26,42,13,21,14,16,28,12,11,14,17,12,14,12,21,18,11,11,23,16,13,17,12,10,19,6,8,8,6,7,7,7,5,5,7,7,7,6,7,6,7,8,6,8,6,8,6,8,6,6,6,8,8,8,6,5,5,6,8,8,10,7,6,6,6,6,7,6,8,6,6,6,6,6,6,6,7,5,7,6,5,8,6,7,5,7,6,6,7,7,6,7,5,5,8,6,7,5,8,6,6,8,8,6,6,5,5,6,8,7,5,8,7,8,6,6,7,7,6,6,6,7,6,8,8
23,18,15,24,18,11,12,25,15,17,23,18,12,10,13,14,11,15,13,16,18,16,15,12,17,19,13,38,26,15,18,18,22,15,17,17,22,17,17,26,16,10,16,13,13,12,18,17,19,18,5,7,7,5,6,6,6,4,4,8,4,6,5,6,5,6,7,5,7,5,7,5,7,5,5,5,7,7,7,5,4,4,5,7,7,7,6,5,5,5,5,6,5,5,5,5,5,5,5,5,5,6,4,6,5,4,7,5,6,4,6,5,5,6,6,5,6,4,4,7,5,6,4,7,5,5,7,7,5,5,4,4,5,7,6,4,5,6,7,5,5,6,6,5,5,5,6,5,5,7
25,25,16,19,24,12,25,29,21,14,17,27,16,11,14,12,12,17,14,14,27,12,16,13,25,20,21,26,42,16,19,21,16,21,14,18,18,14,18,28,13,11,17,12,14,17,19,24,14,24,6,8,8,6,7,7,7,5,5,9,5,7,6,7,6,7,8,6,8,6,8,6,8,6,6,6,8,8,8,6,5,5,6,8,8,10,7,6,6,6,6,7,6,6,6,6,6,6,6,6,6,7,5,7,6,5,8,6,7,5,7,6,6,7,7,6,7,5,5,8,6,7,5,8,6,6,8,8,6,6,5,5,6,8,7,5,8,7,8,6,6,7,7,6,6,6,7,6,8,8
15,15,19,15,15,9,10,16,12,11,13,20,10,8,10,9,9,10,11,11,15,9,12,10,14,21,14,15,16,22,19,11,9,12,11,18,14,11,14,16,10,8,17,11,11,10,19,18,10,15,7,10,7,5,6,6,6,4,4,6,4,6,5,6,5,6,7,5,7,5,10,5,7,5,5,5,7,7,7,5,4,4,5,7,7,7,6,5,5,5,5,6,5,5,5,5,5,5,5,5,5,6,4,6,5,4,7,5,6,4,8,5,5,6,6,8,6,4,4,7,7,6,4,7,5,8,7,7,5,5,4,4,5,7,6,4,5,6,7,5,5,6,6,7,5,5,6,5,5,7
18,18,15,25,18,11,12,19,15,17,16,30,14,10,13,11,11,12,13,13,18,11,15,12,21,24,16,18,19,19,34,13,11,15,17,17,17,17,17,19,12,10,16,13,13,14,22,17,13,18,5,7,10,5,6,6,6,4,4,6,4,6,5,6,5,9,7,5,7,5,7,5,7,5,5,5,7,7,7,5,4,4,5,7,7,7,9,5,5,5,5,6,5,5,5,5,5,5,5,5,5,6,4,6,5,4,7,5,6,4,6,5,5,6,6,5,6,4,4,7,5,6,4,7,5,5,7,7,5,5,4,4,5,7,6,4,5,8,7,8,8,9,6,5,5,5,6,5,5,7
13,14,11,18,13,25,19,29,11,19,27,20,13,11,10,22,24,13,14,18,31,25,11,13,19,14,28,18,21,11,13,54,17,11,19,12,12,19,12,29,13,11,11,12,18,13,14,12,15,14,6,8,8,6,7,7,7,5,5,7,5,7,6,7,6,7,8,6,8,6,8,6,8,6,6,6,8,8,8,6,5,5,6,8,10,10,7,6,6,6,6,7,6,6,6,6,6,6,6,6,6,7,5,7,6,5,8,6,7,5,7,6,6,7,7,6,7,5,5,8,6,7,5,8,6,6,8,8,6,6,5,5,6,8,7,5,8,7,8,6,6,7,7,6,6,6,7,6,8,8
11,12,9,15,11,10,11,16,9,20,15,11,13,11,8,13,10,11,12,15,12,15,9,11,11,12,12,22,16,9,11,17,24,9,20,10,10,20,10,17,11,9,9,10,12,11,12,10,12,12,5,7,7,5,6,6,6,4,4,8,4,6,5,6,5,6,7,5,7,5,7,5,7,5,5,5,7,7,7,5,4,4,5,7,7,7,6,5,5,5,5,6,5,5,5,5,5,5,5,5,5,6,4,6,5,4,7,5,6,4,6,5,5,6,6,5,6,4,4,7,5,6,4,7,5,5,7,7,5,5,4,4,5,7,6,4,5,6,7,5,5,6,6,5,5,5,6,5,5,7
20,20,12,15,19,9,14,16,16,11,13,15,12,8,10,9,9,13,11,11,15,9,12,10,14,16,11,15,21,12,15,11,9,20,11,14,18,11,14,16,10,8,13,9,11,13,15,19,10,19,5,7,7,7,6,6,6,4,4,6,4,6,5,6,5,6,7,5,7,5,7,5,7,5,5,5,7,7,7,5,6,6,5,7,7,7,6,5,5,7,7,6,5,5,5,5,5,5,5,5,5,6,4,6,5,4,7,5,6,4,6,5,5,6,6,5,6,4,4,7,5,6,4,7,5,5,7,7,5,5,4,4,5,7,6,4,5,6,7,5,5,6,6,5,5,5,6,5,5,7
13,18,11,24,13,12,13,18,11,32,17,13,15,13,10,15,12,13,14,17,14,17,11,13,13,14,14,17,14,11,17,19,20,11,32,12,12,32,12,19,13,11,11,12,14,13,14,12,14,14,6,8,11,6,7,7,7,7,5,7,5,7,6,7,6,10,8,6,8,6,8,6,8,6,6,6,8,8,8,6,5,5,6,8,8,8,10,6,6,6,6,7,6,6,6,6,6,6,6,6,6,7,5,7,6,5,10,6,7,5,7,6,6,7,7,6,7,5,5,8,6,7,5,8,6,6,8,8,6,6,5,5,6,8,7,5,6,9,8,9,9,10,7,6,6,6,7,6,6,8
17,17,19,17,23,10,11,25,14,12,15,17,11,9,14,10,10,11,12,12,17,10,14,11,16,25,17,17,18,18,17,12,10,14,12,28,16,12,16,18,15,9,19,15,12,11,17,20,12,23,8,11,8,6,7,7,7,5,5,7,7,7,6,7,6,7,8,6,8,6,11,6,8,6,6,6,8,8,8,6,5,5,6,8,8,8,7,6,6,6,6,7,6,8,6,6,6,6,6,6,6,7,5,7,6,5,8,6,7,5,9,6,6,7,7,9,7,5,5,8,8,7,5,8,6,9,8,8,6,6,5,5,6,8,7,5,6,7,8,6,6,7,7,8,6,6,7,6,6,8
23,17,19,17,17,10,11,18,14,12,15,17,11,9,12,10,13,15,12,12,17,10,14,11,16,18,12,22,18,14,17,12,10,18,12,16,34,12,21,18,22,12,21,13,12,11,17,16,12,17,5,7,7,7,6,6,6,4,4,6,4,6,5,6,5,6,7,5,7,5,7,5,7,5,5,5,7,7,7,5,6,6,5,7,7,7,6,5,5,7,7,6,5,5,5,5,5,5,5,5,5,6,4,6,5,4,7,5,6,4,6,5,5,6,6,5,6,4,4,7,5,6,4,7,5,5,7,7,5,5,4,4,5,7,6,4,5,6,7,5,5,6,6,5,5,5,6,5,5,7
13,18,11,24,13,12,13,18,11,32,17,13,15,13,10,15,12,13,14,17,14,17,11,13,13,14,14,17,14,11,17,19,20,11,32,12,12,32,12,19,13,11,11,12,14,13,14,12,14,14,6,8,11,6,7,7,7,7,5,7,5,7,6,7,6,10,8,6,8,6,8,6,8,6,6,6,8,8,8,6,5,5,6,8,8,8,10,6,6,6,6,7,6,6,6,6,6,6,6,6,6,7,5,7,6,5,10,6,7,5,7,6,6,7,7,6,7,5,5,8,6,7,5,8,6,6,8,8,6,6,5,5,6,8,7,5,6,9,8,9,9,10,7,6,6,6,7,6,6,8
17,24,18,17,17,10,11,18,16,12,15,17,16,13,12,10,12,11,12,12,17,10,14,11,16,24,12,17,18,14,17,12,10,14,12,16,21,12,30,18,14,11,24,10,12,15,17,16,12,17,5,7,7,5,6,6,6,4,4,6,4,9,5,6,5,6,9,5,7,5,7,5,7,5,5,7,7,10,7,5,4,4,5,7,9,7,6,5,7,5,5,9,5,5,5,7,5,5,5,5,5,6,6,6,7,6,7,5,6,4,6,5,7,6,6,5,8,4,4,7,5,6,4,7,5,5,7,10,5,7,4,4,5,7,6,6,5,6,9,5,5,6,6,5,5,8,6,7,5,10
27,19,16,26,19,12,18,40,16,19,25,27,13,11,14,16,12,19,14,27,27,26,16,18,25,20,21,26,28,16,19,29,17,16,19,18,18,19,18,50,13,11,17,12,20,13,27,18,21,19,6,8,8,6,7,7,7,5,5,7,5,7,6,7,6,7,8,6,8,6,8,6,8,6,6,6,8,8,8,6,5,5,6,8,8,10,7,6,6,6,6,7,6,6,6,6,6,6,8,6,6,7,5,7,6,5,8,6,7,5,7,6,6,7,7,6,7,5,5,8,6,7,5,8,6,6,8,8,6,6,5,5,6,8,7,5,8,7,8,6,6,7,7,6,6,6,7,6,8,8
17,13,13,12,16,11,15,18,10,13,11,12,12,10,9,11,14,24,16,17,13,11,10,12,12,18,18,16,13,10,12,13,11,10,13,15,22,13,14,13,38,18,13,22,13,15,13,11,9,17,5,7,7,5,6,6,6,4,4,6,6,6,5,6,5,6,7,5,7,5,7,5,7,5,5,5,7,7,7,5,4,4,5,7,7,7,6,5,5,5,5,6,5,7,5,5,5,5,5,5,5,6,4,6,5,4,7,5,6,4,6,5,5,6,6,5,6,4,4,7,5,6,4,7,5,5,7,7,5,5,4,4,5,7,6,4,5,6,7,5,5,6,6,5,5,5,6,5,5,7
10,11,10,10,10,9,12,11,8,11,9,10,10,8,7,9,11,14,13,14,11,9,8,10,10,11,11,10,11,8,10,11,9,8,11,9,12,11,11,11,18,16,10,9,11,12,11,9,7,11,5,7,7,7,6,6,6,4,4,6,4,6,5,6,5,6,7,5,7,5,7,5,7,5,5,5,7,7,7,5,4,4,5,7,7,7,6,7,5,5,5,6,5,7,5,5,5,5,5,5,5,6,4,6,5,4,7,5,6,4,6,5,5,6,6,5,6,4,4,7,5,6,4,7,5,5,7,7,5,5,4,4,5,7,6,4,5,6,7,5,5,6,6,5,5,5,6,5,5,7
16,16,25,16,16,9,10,17,15,11,14,16,10,8,11,9,11,10,11,11,16,9,13,10,15,17,11,16,17,17,16,11,9,13,11,19,21,11,24,17,13,10,30,9,11,10,16,19,11,16,7,10,7,5,6,6,6,4,4,6,4,6,5,6,5,6,7,5,7,5,10,5,7,5,5,5,7,7,7,5,4,4,5,7,7,7,6,5,5,5,5,6,5,5,5,5,5,5,5,5,5,6,4,6,5,4,7,5,6,4,8,5,5,6,6,8,6,4,4,7,7,6,4,7,5,8,7,7,5,5,4,4,5,7,6,4,5,6,7,5,5,6,6,7,5,5,6,5,5,7
14,12,9,11,16,10,11,18,9,12,10,14,11,9,8,10,10,14,12,12,12,10,9,11,11,23,23,13,12,11,13,12,10,9,12,15,13,12,10,12,22,9,9,24,12,11,14,10,8,17,5,7,7,5,6,6,6,4,4,6,6,6,5,6,5,6,7,5,7,5,7,5,7,5,5,5,7,7,7,5,4,4,5,7,7,7,6,5,5,5,5,6,5,7,5,5,5,5,5,5,5,6,4,6,5,4,7,5,6,4,6,5,5,6,6,5,6,4,4,7,5,6,4,7,5,5,7,7,5,5,4,4,5,7,6,4,5,6,7,5,5,6,6,5,5,5,6,5,5,7
19,14,11,13,13,14,13,14,11,14,12,13,13,11,10,14,14,19,18,28,14,23,11,18,15,14,16,13,14,11,13,18,12,11,14,12,12,14,12,20,13,11,11,12,32,13,26,12,10,14,6,8,8,6,7,7,7,5,5,7,5,7,6,7,6,7,8,6,8,6,8,6,8,6,6,6,8,8,8,6,5,5,6,8,8,8,7,6,6,6,6,7,6,6,6,6,6,6,8,6,6,7,5,7,6,5,8,6,7,5,7,6,6,7,7,6,7,7,5,8,6,7,5,8,6,6,8,8,6,6,5,7,6,8,7,5,6,7,8,6,6,7,7,6,6,6,7,6,6,8
16,24,10,12,15,11,21,13,13,13,11,14,26,14,9,11,11,22,15,16,13,11,10,12,14,17,13,12,17,10,14,13,11,13,13,11,11,13,15,13,15,12,10,11,13,30,13,15,9,16,5,7,7,5,6,6,6,4,4,6,4,9,5,6,5,6,9,5,7,5,7,5,7,5,5,7,7,10,7,5,4,4,5,7,9,7,6,5,7,5,5,9,5,5,5,7,5,5,5,5,5,6,6,6,7,6,7,5,6,4,6,5,7,6,6,5,8,4,4,7,5,6,4,7,5,5,7,10,5,7,4,4,5,7,6,6,5,6,9,5,5,6,6,5,5,8,6,7,5,10
26,18,15,18,18,12,13,19,15,14,16,23,13,11,13,12,12,19,18,28,18,18,15,18,17,24,17,18,19,19,22,14,12,15,14,17,17,14,17,27,13,11,16,14,26,13,36,17,13,18,6,8,8,6,7,7,7,5,5,7,5,7,6,7,6,7,8,6,8,6,8,6,8,6,6,6,8,8,8,6,5,5,6,8,8,8,7,6,6,6,6,7,6,6,6,6,6,6,8,6,6,7,5,7,6,5,8,6,7,5,7,6,6,7,7,6,7,7,5,8,6,7,5,8,6,6,8,8,6,6,5,7,6,8,7,5,6,7,8,6,6,7,7,6,6,6,7,6,6,8
23,23,19,22,22,10,21,18,19,12,15,17,14,9,12,10,10,15,12,12,17,10,19,11,16,18,12,17,24,18,17,12,10,19,12,20,16,12,16,18,11,9,19,10,12,15,17,34,12,22,7,10,7,5,6,6,6,4,4,6,4,6,5,6,5,6,7,5,7,5,10,5,7,5,5,5,7,7,7,5,4,4,5,7,7,7,6,5,5,5,5,6,5,5,5,5,5,5,5,5,5,6,4,6,5,4,7,5,6,4,8,5,5,6,6,8,6,4,4,7,7,6,4,7,5,8,7,7,5,5,4,4,5,7,6,4,5,6,7,5,5,6,6,7,5,5,6,5,5,7
13,13,10,19,13,8,9,20,10,14,22,13,9,7,8,11,8,9,10,13,13,15,10,9,12,14,10,19,14,10,13,15,12,10,14,12,12,14,12,21,9,7,11,8,10,9,13,12,18,13,4,6,6,4,5,5,5,3,3,5,3,5,4,5,4,5,6,4,6,4,6,4,6,4,4,4,6,6,6,4,3,3,4,6,6,6,5,4,4,4,4,5,4,4,4,4,4,4,4,4,4,5,3,5,4,3,6,4,5,3,5,4,4,5,5,4,5,3,3,6,4,5,3,6,4,4,6,6,4,4,3,3,4,6,5,3,4,5,6,4,4,5,5,4,4,4,5,4,4,6
23,23,15,18,30,12,17,26,19,14,16,18,15,11,13,12,12,16,14,14,18,12,15,17,17,26,19,18,24,15,18,14,12,19,14,23,17,14,17,19,17,11,16,17,14,16,18,22,13,34,6,8,8,6,7,7,9,5,5,7,7,7,6,7,6,7,8,6,8,6,8,6,8,6,6,6,8,8,8,6,5,5,6,8,8,8,7,6,6,6,6,7,6,8,6,6,6,6,6,6,9,7,5,7,6,5,8,6,7,5,7,6,6,7,7,6,7,5,5,8,6,7,5,8,8,6,8,8,6,6,5,5,6,8,7,5,6,7,8,6,6,7,7,6,8,6,7,6,6,8
5,6,7,5,6,5,5,6,5,6,5,5,5,5,5,5,5,5,6,6,6,5,5,6,5,6,6,5,6,7,5,6,5,5,6,8,5,6,5,6,5,5,7,5,6,5,6,7,4,6,24,20,13,13,13,14,15,10,12,17,9,14,13,25,12,18,15,13,15,13,19,13,14,15,12,18,18,13,15,12,11,11,13,14,14,14,16,13,13,13,13,20,13,11,13,13,13,12,11,13,6,7,5,7,6,5,8,6,7,5,9,6,6,7,7,9,7,5,5,8,8,7,5,8,6,9,8,8,6,6,5,5,6,8,9,5,6,7,8,6,6,7,7,8,6,6,7,6,6,8
7,8,10,7,8,7,7,8,7,8,7,7,7,7,7,7,7,7,8,8,8,7,7,8,7,8,8,7,8,10,7,8,7,7,8,11,7,8,7,8,7,7,10,7,8,7,8,10,6,8,20,42,21,16,21,21,16,13,15,16,12,21,16,17,15,17,29,16,29,16,23,16,22,16,20,16,17,16,30,15,14,14,16,17,28,21,21,16,16,16,16,17,16,14,16,16,16,15,14,16,8,9,7,9,8,7,12,8,9,7,12,11,8,9,9,18,9,7,7,14,11,9,7,10,8,12,10,10,11,8,7,7,11,14,9,7,8,12,10,8,8,9,9,11,8,8,9,8,8,10
7,8,7,10,8,7,7,8,7,11,7,7,7,7,7,7,7,7,8,8,8,7,7,8,7,8,8,7,8,7,10,8,7,7,11,8,7,11,7,8,7,7,7,7,8,7,8,7,6,8,13,21,36,14,20,15,14,11,13,14,10,20,14,15,13,21,22,14,22,14,15,14,26,14,13,14,15,14,22,13,12,12,14,15,21,15,29,14,14,14,14,15,14,12,14,14,14,13,12,14,8,9,7,9,8,7,10,8,9,7,9,8,8,9,9,8,9,7,7,14,10,11,7,13,8,8,10,12,8,8,7,7,8,14,9,7,8,12,10,17,12,18,9,8,8,8,9,8,8,10
5,6,5,5,6,5,5,6,5,6,5,5,5,5,5,5,5,5,6,6,6,5,5,6,5,6,6,5,6,5,5,6,5,7,6,6,7,6,5,6,5,7,5,5,6,5,6,5,4,6,13,16,14,34,14,19,14,11,16,14,10,15,16,15,17,15,16,14,16,14,15,22,15,14,16,14,15,14,16,13,16,16,14,15,15,15,15,23,18,27,18,15,16,16,18,14,19,16,12,19,6,7,5,7,6,5,8,6,7,5,7,6,6,7,7,6,7,5,5,8,6,7,5,8,6,6,8,8,6,6,5,5,6,8,7,5,6,7,8,6,6,7,7,6,6,6,7,6,6,8
6,7,6,6,7,6,6,7,6,7,6,6,6,6,6,6,6,6,7,7,7,6,6,7,6,7,7,6,7,6,6,7,6,6,7,7,6,7,6,7,6,6,6,6,7,6,7,6,5,7,13,21,20,14,32,20,14,11,15,14,10,20,14,15,13,15,22,14,22,14,15,20,21,19,13,14,21,14,22,13,12,12,14,15,21,15,20,14,14,14,14,17,14,12,14,14,14,13,12,19,7,8,6,8,9,6,9,7,8,6,10,7,7,8,11,7,10,6,6,14,7,11,9,9,7,7,13,9,10,7,9,6,10,20,8,6,7,8,9,7,7,8,8,7,7,7,8,9,7,9
6,7,6,6,7,6,6,7,6,7,6,6,6,6,6,8,6,6,9,7,7,6,6,7,6,7,7,6,7,6,6,7,6,6,7,7,6,7,6,7,6,6,6,6,7,6,7,6,5,7,14,21,15,19,20,38,15,12,17,15,11,16,15,16,18,16,21,15,21,15,16,26,16,19,17,15,21,15,22,18,13,13,15,16,20,20,16,18,19,18,15,16,15,13,19,19,27,17,13,34,7,8,6,8,7,6,11,7,8,6,8,7,7,10,10,7,8,6,6,9,7,10,8,9,7,7,12,9,9,7,8,6,9,12,8,6,7,8,9,7,7,8,8,7,7,7,8,7,7,9
6,7,6,6,7,6,6,7,6,7,6,6,6,6,6,6,6,6,7,7,7,6,6,9,6,7,7,6,7,6,6,7,6,6,7,7,6,7,6,7,6,6,6,6,7,6,7,6,5,9,15,16,14,14,14,15,30,11,13,14,10,15,14,18,13,15,16,14,16,14,15,14,23,16,13,14,15,14,16,13,12,12,14,19,15,19,17,19,14,14,14,15,14,12,14,14,14,13,12,14,16,8,6,11,7,6,9,7,8,6,8,7,7,8,8,7,8,6,6,9,7,8,6,13,9,7,9,9,7,9,6,6,7,13,8,6,10,8,9,7,7,8,8,7,9,7,12,7,7,9
4,7,4,4,5,4,4,5,4,7,4,4,4,4,4,4,4,4,5,5,5,4,4,5,4,5,5,4,5,4,4,5,4,4,7,5,4,7,4,5,4,4,4,4,5,4,5,4,3,5,10,13,11,11,11,12,11,20,10,11,11,12,14,12,10,12,13,14,13,11,12,11,12,11,10,11,12,11,13,13,11,17,11,12,12,12,12,11,11,11,11,12,11,15,11,11,11,10,9,11,5,6,4,6,5,4,9,5,6,4,6,5,5,6,6,5,6,4,4,7,5,6,4,7,5,5,7,7,5,5,4,4,5,7,6,4,5,6,7,5,5,6,6,5,5,5,6,5,5,7
4,5,4,4,5,4,4,5,6,5,4,4,4,4,4,4,4,4,5,5,5,4,4,5,4,5,5,4,5,4,4,5,4,4,5,5,4,5,4,5,4,4,4,4,5,4,5,4,3,5,12,15,13,16,15,17,13,10,24,13,9,14,13,18,21,14,15,13,15,13,14,16,14,13,20,15,14,13,19,12,11,11,13,14,14,14,14,15,16,15,13,16,13,11,16,13,23,20,11,17,5,6,4,8,5,4,7,7,6,4,6,5,5,6,6,5,6,4,4,7,5,6,4,7,5,5,7,7,5,5,4,4,5,7,6,4,5,6,7,5,5,6,6,5,5,5,6,5,5,7
6,7,6,6,7,6,6,7,6,7,6,6,6,6,6,6,6,6,7,7,7,6,6,7,6,7,7,8,9,6,6,7,8,6,7,7,6,7,6,7,6,6,6,6,7,6,7,6,5,7,17,16,14,14,14,15,14,11,13,28,10,15,14,21,13,19,16,19,16,16,15,14,15,14,13,19,19,14,16,13,12,12,24,20,15,15,15,14,14,14,14,21,14,12,18,14,14,13,12,14,7,12,6,8,7,6,9,7,8,6,8,9,7,8,8,7,8,6,6,9,7,8,6,11,7,7,9,9,7,7,6,6,7,9,10,6,7,8,9,7,7,8,12,7,7,7,8,7,7,9
4,5,4,4,7,4,4,7,4,5,4,4,4,4,4,4,4,4,5,5,5,4,4,5,4,7,7,4,5,4,4,5,4,4,5,7,4,5,4,5,6,4,4,6,5,4,5,4,3,7,9,12,10,10,10,11,10,11,9,10,16,11,13,11,9,11,12,13,12,10,11,10,11,10,9,10,11,10,12,14,8,11,10,11,11,11,11,10,10,10,10,11,10,16,10,10,10,9,8,10,5,6,4,6,5,4,7,5,6,4,6,5,5,6,6,5,6,4,4,7,5,6,4,7,5,5,7,7,5,5,4,4,5,7,6,4,5,6,7,5,5,6,6,5,5,5,6,5,5,7
6,10,6,6,7,6,6,7,6,7,6,6,9,9,6,6,6,6,7,7,7,6,6,7,6,10,7,6,7,6,6,7,6,6,7,7,6,7,9,7,6,6,6,6,7,9,7,6,5,7,14,21,20,15,20,16,15,12,14,15,11,42,15,16,14,16,31,15,22,15,22,15,21,15,14,21,16,22,22,14,13,13,15,16,29,16,20,15,21,15,15,23,15,13,17,26,18,14,13,15,7,8,9,8,10,9,9,7,8,6,8,7,10,8,8,7,11,6,6,13,7,8,6,9,7,7,9,13,7,10,6,6,7,13,8,9,7,8,12,7,7,8,8,7,7,11,8,10,7,19
5,6,5,5,6,5,5,6,5,6,5,5,5,5,5,5,5,5,6,6,6,5,5,6,5,6,6,5,6,5,5,6,5,5,6,6,5,6,5,6,5,5,5,5,6,5,6,5,4,6,13,16,14,16,14,15,14,14,13,14,13,15,32,15,13,15,16,16,22,14,15,16,15,14,13,14,15,14,22,15,12,14,14,20,15,21,15,14,14,16,14,15,16,15,14,14,14,13,12,14,6,7,5,7,6,5,8,6,7,5,7,6,6,7,7,6,7,5,5,19,6,7,5,8,6,6,8,8,6,6,5,5,6,8,7,5,6,7,11,6,6,7,7,6,6,6,7,6,6,8
6,7,6,6,7,6,6,7,8,7,6,6,6,6,6,6,6,6,7,7,7,6,6,7,6,7,7,6,7,6,6,7,6,6,7,7,6,7,6,7,6,6,6,6,7,6,7,6,5,7,25,17,15,15,15,16,18,12,18,21,11,16,15,48,18,22,17,15,17,15,16,21,16,27,18,22,22,15,21,14,13,13,15,16,16,16,19,15,15,15,15,36,15,13,15,15,19,18,13,15,7,8,6,10,7,6,9,9,8,6,8,7,7,8,8,7,8,6,6,9,7,8,6,9,7,7,9,13,7,7,6,6,7,9,17,6,7,8,9,7,7,8,8,7,7,7,8,7,7,9
5,6,5,5,6,5,5,6,7,6,5,5,5,5,5,5,5,5,6,6,6,5,5,6,5,6,6,5,6,5,5,6,5,5,6,6,5,6,5,6,5,5,5,5,6,5,6,5,4,6,12,15,13,17,13,18,13,10,21,13,9,14,13,18,28,14,19,13,15,17,14,17,14,13,21,13,14,13,19,12,11,11,13,14,14,14,14,16,24,16,13,14,13,11,23,13,24,21,11,18,6,7,5,9,6,5,8,8,7,5,7,6,6,7,7,6,7,5,5,8,6,9,5,8,6,6,8,8,6,6,5,5,6,8,7,5,6,7,8,6,6,7,7,6,6,6,7,6,6,8
6,7,6,9,7,6,6,7,6,10,6,6,6,6,6,6,6,6,7,7,7,6,6,7,6,7,7,6,7,6,9,7,6,6,10,7,6,10,6,7,6,6,6,6,7,6,7,6,5,7,18,17,21,15,15,16,15,12,14,19,11,16,15,22,14,40,17,15,17,15,16,15,16,15,14,24,20,21,17,14,13,13,15,16,16,16,33,17,15,15,17,22,15,13,15,15,15,14,13,15,7,8,6,8,7,6,9,7,11,6,8,7,7,8,8,7,8,6,6,9,7,8,6,9,10,7,9,9,7,7,6,6,7,9,10,6,7,11,9,11,17,12,8,7,10,11,8,7,7,9
7,10,7,7,8,7,7,8,7,8,7,7,9,9,7,7,7,7,8,8,8,7,7,8,7,10,8,7,8,7,7,8,7,7,8,8,7,8,9,8,7,7,7,7,8,9,8,7,6,8,15,29,22,16,22,21,16,13,15,16,12,31,16,17,19,17,46,16,30,20,17,16,23,16,15,21,17,22,31,15,14,14,16,17,38,21,22,16,28,16,16,23,16,14,20,21,16,15,14,16,8,9,9,9,10,9,12,8,9,7,9,8,10,9,9,8,11,7,7,14,8,11,7,10,8,8,10,13,8,10,7,7,8,14,9,9,8,9,12,8,8,9,9,8,8,11,9,10,8,13
5,6,5,5,6,5,5,6,5,6,5,5,5,5,8,5,5,5,6,6,6,5,5,6,5,6,6,5,6,5,5,6,5,5,6,6,5,6,5,6,5,5,5,5,6,5,6,5,4,6,13,16,14,14,14,15,14,14,13,19,13,15,16,15,13,15,16,34,16,14,15,14,15,14,13,14,15,14,16,15,12,14,32,21,15,15,15,14,16,14,14,15,19,15,19,14,14,13,12,16,6,18,5,7,6,5,8,6,7,5,7,9,6,7,10,6,7,5,5,8,6,7,5,11,6,6,8,8,6,6,5,5,6,8,7,5,6,7,8,6,6,7,18,6,6,6,7,6,6,8
7,8,7,7,8,7,7,8,7,8,7,7,7,7,7,7,7,7,8,8,8,7,7,8,7,8,8,7,8,7,7,8,7,7,8,8,7,8,7,8,7,7,7,7,8,7,8,7,6,8,15,29,22,16,22,21,16,13,15,16,12,22,22,17,15,17,30,16,42,16,17,16,23,16,15,16,17,16,31,15,14,14,16,17,29,21,22,16,16,16,16,17,16,14,16,16,16,19,14,16,8,9,7,9,8,7,12,8,9,7,9,8,8,9,9,8,9,7,7,21,8,9,7,10,8,8,12,10,8,8,7,7,8,15,9,7,8,9,10,8,8,9,9,8,8,8,9,8,10,10
5,6,5,5,6,5,5,6,5,6,5,5,5,5,5,5,5,5,6,6,6,5,5,6,5,6,6,5,6,5,5,6,5,5,6,6,5,6,5,6,5,5,5,5,6,5,6,5,4,6,13,16,14,14,14,15,14,11,13,16,10,15,14,15,17,15,20,14,16,28,15,14,20,14,13,14,15,14,16,13,14,12,16,15,15,15,15,14,19,18,14,15,14,12,18,14,14,13,20,14,6,7,5,7,6,5,10,6,9,5,7,6,6,9,7,6,7,5,5,8,6,9,5,8,6,6,8,8,6,6,5,5,6,8,7,5,6,7,8,6,6,7,7,6,6,6,10,6,6,8
7,8,10,7,8,7,7,8,7,8,7,7,7,7,7,7,7,7,8,8,8,7,7,8,7,8,8,7,8,10,7,8,7,7,8,11,7,8,7,8,7,7,10,7,8,7,8,10,6,8,19,23,15,15,15,16,15,12,14,15,11,22,15,16,14,16,17,15,17,15,46,15,16,15,14,15,22,15,17,14,13,13,15,16,16,16,16,15,15,15,15,16,15,13,15,15,15,14,13,15,8,9,7,13,8,7,10,12,13,7,12,8,8,9,9,12,13,7,7,10,11,9,7,14,8,19,21,14,8,8,7,7,8,10,9,7,8,13,20,8,8,9,9,11,8,8,9,8,8,21
5,6,5,5,6,5,5,6,5,6,5,5,5,5,5,5,5,5,6,6,6,5,5,6,5,6,6,5,6,5,5,6,5,5,6,6,5,6,5,6,5,5,5,5,6,5,6,5,4,6,13,16,14,22,20,26,14,11,16,14,10,15,16,21,17,15,16,14,16,14,15,36,15,26,16,14,21,14,16,13,12,12,14,15,15,15,15,17,18,21,14,21,16,12,18,14,19,16,12,26,6,7,5,7,6,5,8,6,7,5,7,6,6,7,9,6,7,5,5,8,6,9,7,8,6,6,11,11,8,6,7,5,8,11,10,5,6,7,8,6,6,7,7,6,6,6,7,6,6,8
7,8,7,7,8,7,7,8,7,8,7,7,7,7,7,7,7,7,8,8,8,7,7,8,7,8,8,7,8,7,7,8,7,7,8,8,7,8,7,8,7,7,7,7,8,7,8,7,6,8,14,22,26,15,21,16,23,12,14,15,11,21,15,16,14,16,23,15,23,20,16,15,50,15,14,15,16,15,23,14,13,13,15,16,22,16,21,22,15,20,15,16,15,13,15,15,15,14,18,15,14,9,7,14,8,7,13,8,12,7,9,8,8,12,9,8,9,7,7,15,8,12,7,22,8,8,10,13,8,8,7,7,8,23,9,7,13,9,10,8,8,9,9,8,8,8,21,8,8,10
5,6,5,5,6,5,5,6,5,6,5,5,5,5,5,5,5,5,6,6,6,5,5,6,5,6,6,5,6,5,5,6,5,5,6,6,5,6,5,6,5,5,5,5,6,5,6,5,4,6,15,16,14,14,19,19,16,11,13,14,10,15,14,27,13,15,16,14,16,14,15,26,15,32,13,14,20,14,16,13,12,12,16,15,15,15,17,14,14,14,16,22,17,12,14,16,14,13,12,18,6,7,5,7,6,5,8,6,7,5,7,6,6,7,9,6,7,5,5,8,6,9,7,8,6,6,11,11,8,6,7,5,8,11,10,5,6,7,8,6,6,7,7,6,6,6,7,6,6,8
5,6,5,5,6,5,5,6,7,6,5,5,5,5,5,5,5,5,6,6,6,5,5,6,5,6,6,5,6,5,5,6,5,5,6,6,5,6,5,6,5,5,5,5,6,5,6,5,4,6,12,20,13,16,13,17,13,10,20,13,9,14,13,18,21,14,15,13,15,13,14,16,14,13,26,13,14,13,19,12,11,11,13,14,14,14,14,15,16,15,13,14,13,11,16,13,23,22,11,17,6,7,5,9,6,5,8,8,7,5,7,8,6,7,7,9,7,5,5,8,6,7,5,8,6,6,8,8,8,6,5,5,8,8,7,5,6,9,8,6,6,7,7,6,6,6,7,6,6,8
5,8,5,5,6,5,5,6,5,6,5,5,7,7,5,5,5,5,6,6,6,5,5,6,5,8,6,5,6,5,5,6,5,5,6,6,5,6,7,6,5,5,5,5,6,7,6,5,4,6,18,16,14,14,14,15,14,11,15,19,10,21,14,22,13,24,21,14,16,14,15,14,15,14,13,32,20,19,16,13,12,12,14,15,19,15,15,16,18,14,16,29,14,12,14,18,14,13,12,14,6,7,7,7,8,7,8,6,7,5,7,6,8,7,7,6,9,5,5,8,6,7,5,8,6,6,8,11,6,8,5,5,6,8,9,7,6,7,10,6,6,7,7,6,6,9,7,8,6,11
7,8,7,7,8,7,7,8,7,8,7,7,7,7,7,7,7,7,8,8,8,7,7,8,7,8,8,7,8,7,7,8,7,7,8,8,7,8,7,8,7,7,7,7,8,7,8,7,6,8,18,17,15,15,21,21,15,12,14,19,11,16,15,22,14,20,17,15,17,15,22,21,16,20,14,20,36,15,17,14,13,13,15,16,16,16,16,15,15,15,15,22,15,13,15,15,15,14,13,20,8,9,7,9,8,7,10,8,9,7,9,8,10,9,12,8,9,7,7,10,8,12,10,10,8,8,20,10,11,8,10,7,11,14,11,7,8,9,13,8,8,9,9,10,8,8,9,8,8,10
7,11,7,7,8,7,7,8,7,8,7,7,10,10,7,7,7,7,8,8,8,7,7,8,7,11,8,7,8,7,7,8,7,7,8,8,7,8,10,8,7,7,7,7,8,10,8,7,6,8,13,16,14,14,14,15,14,11,13,14,10,22,14,15,13,21,22,14,16,14,15,14,15,14,13,19,15,32,16,13,12,12,14,15,20,15,21,14,19,14,14,21,14,12,14,19,14,13,12,14,8,9,10,9,11,10,12,8,12,7,9,8,11,11,9,8,12,7,7,12,8,9,7,10,11,8,10,14,8,11,7,7,8,10,9,10,8,9,13,8,12,9,9,8,11,18,11,11,8,14
7,8,7,7,8,7,7,8,9,8,7,7,7,7,7,7,7,7,8,8,8,7,7,8,7,8,8,7,8,7,7,8,7,7,8,8,7,8,7,8,7,7,7,7,8,7,8,7,6,8,15,30,22,16,22,22,16,13,19,16,12,22,22,21,19,17,31,16,31,16,17,16,23,16,19,16,17,16,46,15,14,14,16,22,30,30,22,16,16,16,16,17,16,14,16,16,20,19,14,16,8,9,7,11,8,7,12,10,9,7,9,8,8,9,9,8,9,7,7,22,8,9,7,10,8,8,10,10,8,8,7,7,8,15,9,7,8,9,13,8,8,9,9,8,8,8,9,8,8,10
5,6,5,5,6,5,5,6,5,6,5,5,5,5,5,7,5,5,8,6,6,5,5,6,5,6,6,5,6,5,5,6,5,5,6,6,5,6,5,6,5,5,5,5,6,5,6,5,4,6,12,15,13,13,13,18,13,13,12,13,14,14,15,14,12,14,15,15,15,13,14,13,14,13,12,13,14,13,15,24,11,13,13,14,14,14,14,13,13,13,17,14,17,14,13,17,18,12,11,17,6,7,5,7,6,5,8,6,7,5,7,6,6,9,7,6,7,5,7,8,6,7,5,8,6,6,8,8,6,6,5,5,6,8,9,5,6,7,8,6,6,7,7,6,6,6,7,6,6,8
4,5,4,4,5,4,4,5,4,5,4,4,4,4,4,4,4,4,5,5,5,4,4,5,4,5,5,4,5,4,4,5,4,6,5,5,6,5,4,5,4,4,4,4,5,4,5,4,3,5,11,14,12,16,12,13,12,11,11,12,8,13,12,13,11,13,14,12,14,14,13,12,13,12,11,12,13,12,14,11,20,19,12,13,13,13,13,12,12,16,16,13,12,10,12,12,12,11,12,12,5,6,4,6,5,4,7,5,6,4,6,5,5,6,6,5,6,4,4,7,5,6,4,7,5,5,7,7,5,5,4,4,5,7,6,4,5,6,7,5,5,6,6,5,5,5,6,5,5,7
4,5,4,4,5,4,4,5,4,5,4,4,4,4,4,4,4,4,5,5,5,4,4,5,4,5,5,4,5,4,4,5,4,6,5,5,6,5,4,5,4,4,4,4,5,4,5,4,3,5,11,14,12,16,12,13,12,17,11,12,11,13,14,13,11,13,14,14,14,12,13,12,13,12,11,12,13,12,14,13,19,24,12,13,13,13,13,12,12,16,16,13,12,13,12,12,12,11,10,12,5,6,4,6,5,4,7,5,6,4,6,5,5,6,6,5,6,4,4,7,5,6,4,7,5,5,7,7,5,5,4,4,5,7,6,4,5,6,7,5,5,6,6,5,5,5,6,5,5,7
5,6,5,5,6,5,5,6,5,6,5,5,5,5,8,5,5,5,6,6,6,5,5,6,5,6,6,5,6,5,5,6,5,5,6,6,5,6,5,6,5,5,5,5,6,5,6,5,4,6,13,16,14,14,14,15,14,11,13,24,10,15,14,15,13,15,16,32,16,16,15,14,15,16,13,14,15,14,16,13,12,12,42,22,15,15,15,14,14,14,16,15,25,12,20,16,14,13,12,14,6,18,5,7,6,5,8,6,7,5,7,9,6,7,10,6,7,5,5,8,6,7,5,11,6,6,8,8,6,6,5,5,6,8,7,5,6,7,8,6,6,7,18,6,6,6,7,6,6,8
7,8,7,7,8,7,7,8,7,8,7,7,7,7,7,7,7,7,8,8,8,7,7,8,7,8,8,7,8,7,7,8,7,7,8,8,7,8,7,8,7,7,7,7,8,7,8,7,6,8,14,17,15,15,15,16,19,12,14,20,11,16,20,16,14,16,17,21,17,15,16,15,16,15,14,15,16,15,22,14,13,13,22,36,16,27,16,15,15,15,15,16,15,13,20,15,15,14,13,15,8,19,7,9,8,7,10,8,9,7,11,11,8,9,11,8,9,7,7,14,8,9,7,13,8,8,10,10,8,10,7,7,8,12,9,7,8,9,12,8,8,11,19,8,8,8,9,8,8,12
7,10,7,7,8,9,7,8,7,8,9,7,9,9,7,7,9,7,8,8,10,7,7,8,7,10,8,7,8,7,7,10,7,7,8,8,7,8,9,8,7,7,7,7,8,9,8,7,6,8,14,28,21,15,21,20,15,12,14,15,11,29,15,16,14,16,38,15,29,15,16,15,22,15,14,19,16,20,30,14,13,13,15,16,38,20,21,15,19,15,15,21,15,13,15,19,15,14,13,15,8,9,9,9,10,9,12,8,9,7,9,8,10,9,9,8,11,7,7,14,8,9,7,10,8,8,10,13,8,10,7,7,8,14,9,9,8,9,12,8,8,9,9,8,8,11,9,10,8,13
7,8,7,7,8,7,9,10,7,8,7,9,7,7,7,7,7,7,8,8,10,7,7,8,9,8,10,7,10,7,7,10,7,7,8,8,7,8,7,10,7,7,7,7,8,7,8,7,6,8,14,21,15,15,15,20,19,12,14,15,11,16,21,16,14,16,21,15,21,15,16,15,16,15,14,15,16,15,30,14,13,13,15,27,20,36,16,15,15,15,15,16,15,13,15,15,15,14,13,15,8,9,7,9,8,7,12,8,9,7,9,8,8,9,9,8,9,7,7,14,8,9,7,10,8,8,10,10,8,10,7,7,8,10,9,7,10,9,12,8,8,9,9,8,8,8,9,8,10,10
6,7,6,9,7,6,6,7,6,10,6,6,6,6,6,6,6,6,7,7,7,6,6,7,6,7,7,6,7,6,9,7,6,6,10,7,6,10,6,7,6,6,6,6,7,6,7,6,5,7,16,21,29,15,20,16,17,12,14,15,11,20,15,19,14,33,22,15,22,15,16,15,21,17,14,15,16,21,22,14,13,13,15,16,21,16,42,15,15,15,15,16,15,13,15,15,15,14,13,15,7,8,6,8,7,6,9,7,11,6,8,7,7,8,8,7,8,6,6,13,7,8,6,9,10,7,9,9,7,7,6,6,7,13,8,6,7,11,9,11,17,12,8,7,10,11,8,7,7,9
5,6,5,5,6,5,5,6,5,6,5,5,5,5,5,5,5,5,6,6,6,5,5,6,5,6,6,5,6,5,5,6,5,5,6,6,5,6,5,6,5,7,5,5,6,5,6,5,4,6,13,16,14,23,14,18,19,11,15,14,10,15,14,15,16,17,16,14,16,14,15,17,22,14,15,16,15,14,16,13,12,12,14,15,15,15,15,28,17,16,16,15,14,16,17,14,18,15,12,18,9,7,5,9,6,5,8,6,7,5,7,6,6,7,7,6,7,5,5,8,6,7,5,11,6,6,8,8,6,6,5,5,6,11,7,5,8,7,8,6,6,7,7,6,6,6,10,6,6,8
5,8,5,5,6,5,5,6,5,6,5,5,7,7,5,5,5,5,6,6,6,5,5,6,5,8,6,5,6,5,5,6,5,5,6,6,5,6,7,6,5,5,5,5,6,7,6,5,4,6,13,16,14,18,14,19,14,11,16,14,10,21,14,15,24,15,28,16,16,19,15,18,15,14,16,18,15,19,16,13,12,12,14,15,19,15,15,17,36,17,14,20,14,12,25,18,19,16,12,23,6,7,7,7,8,7,8,6,7,5,7,6,8,7,7,6,9,5,5,8,6,9,5,8,6,6,8,11,6,8,5,5,6,8,7,7,6,7,10,6,6,7,7,6,6,9,7,8,6,11
5,6,5,5,6,5,5,6,5,6,5,5,5,5,5,5,5,5,6,6,6,5,5,6,5,6,6,5,6,5,5,6,5,7,6,6,7,6,5,6,5,5,5,5,6,5,6,5,4,6,13,16,14,27,14,18,14,11,15,14,10,15,16,15,16,15,16,14,16,18,15,21,20,14,15,14,15,14,16,13,16,16,14,15,15,15,15,16,17,30,18,15,16,12,17,14,18,15,16,18,6,7,5,7,6,5,10,6,9,5,7,6,6,9,7,6,7,5,5,8,6,7,5,8,6,6,8,8,6,6,5,5,6,8,7,5,6,7,8,6,6,7,7,6,6,6,10,6,6,8
5,6,5,5,6,5,5,6,5,6,5,5,5,5,5,5,5,5,6,6,6,5,5,6,5,6,6,5,6,5,5,6,5,7,6,6,7,6,5,6,5,5,5,5,6,5,6,5,4,6,13,16,14,18,14,15,14,11,13,14,10,15,14,15,13,17,16,14,16,14,15,14,15,16,13,16,15,14,16,17,16,16,16,15,15,15,15,16,14,18,28,15,23,12,14,16,14,13,12,14,6,7,5,7,6,5,8,6,7,5,7,6,6,7,7,6,7,5,7,8,6,7,5,8,6,6,8,8,6,6,5,5,6,8,9,5,6,7,8,6,6,7,7,6,6,6,7,6,6,8
6,10,6,6,7,6,6,7,6,7,6,6,9,9,6,6,6,6,7,7,7,6,6,7,6,10,7,6,7,6,6,7,6,6,7,7,6,7,9,7,6,6,6,6,7,9,7,6,5,7,20,17,15,15,17,16,15,12,16,21,11,23,15,36,14,22,23,15,17,15,16,21,16,22,14,29,22,21,17,14,13,13,15,16,21,16,16,15,20,15,15,48,15,13,15,20,15,14,13,15,7,8,9,8,10,9,9,7,8,6,8,7,10,8,8,7,11,6,6,9,7,8,6,9,7,7,9,20,7,10,6,6,7,9,18,9,7,8,12,7,7,8,8,7,7,11,8,10,7,13
5,6,5,5,6,5,5,6,5,6,5,5,5,5,7,5,5,5,6,6,6,5,5,6,5,6,6,5,6,5,5,6,5,5,6,6,5,6,5,6,5,5,5,5,6,5,6,5,4,6,13,16,14,16,14,15,14,11,13,14,10,15,16,15,13,15,16,19,16,14,15,16,15,17,13,14,15,14,16,17,12,12,25,15,15,15,15,14,14,16,23,15,32,12,14,17,14,13,12,14,6,10,5,7,6,5,8,6,7,5,7,6,6,7,9,6,7,5,7,8,6,7,5,8,6,6,8,8,6,6,5,5,6,8,9,5,6,7,8,6,6,7,10,6,6,6,7,6,6,8
5,6,5,5,8,5,5,8,5,6,5,5,5,5,5,5,5,5,6,6,6,5,5,6,5,8,8,5,6,5,5,6,5,5,6,8,5,6,5,6,7,7,5,7,6,5,6,5,4,8,11,14,12,16,12,13,12,15,11,12,16,13,15,13,11,13,14,15,14,12,13,12,13,12,11,12,13,12,14,14,10,13,12,13,13,13,13,16,12,12,12,13,12,24,12,12,12,11,10,12,6,7,5,7,6,5,8,6,7,5,7,6,6,7,7,6,7,5,5,8,6,7,5,8,6,6,8,8,6,6,5,5,6,8,7,5,6,7,8,6,6,7,7,6,6,6,7,6,6,8
5,6,5,5,6,5,5,6,5,6,5,5,5,5,5,5,5,5,6,6,6,5,5,6,5,6,6,5,6,5,5,6,5,5,6,6,5,6,5,6,5,5,5,5,6,5,6,5,4,6,13,16,14,18,14,19,14,11,16,18,10,17,14,15,23,15,20,19,16,18,15,18,15,14,16,14,15,14,16,13,12,12,20,20,15,15,15,17,25,17,14,15,14,12,32,17,24,16,12,19,6,11,5,7,6,5,8,6,7,5,7,8,6,7,7,6,7,5,5,8,6,9,5,10,6,6,8,8,6,6,5,5,6,8,7,5,6,7,8,6,6,7,11,6,6,6,7,6,6,8
5,8,5,5,6,5,5,6,5,6,5,5,7,7,5,7,5,5,8,6,6,5,5,6,5,8,6,5,6,5,5,6,5,5,6,6,5,6,7,6,5,5,5,5,6,7,6,5,4,6,13,16,14,14,14,19,14,11,13,14,10,26,14,15,13,15,21,14,16,14,15,14,15,16,13,18,15,19,16,17,12,12,16,15,19,15,15,14,18,14,16,20,17,12,17,32,25,13,12,18,6,7,7,7,8,7,8,6,7,5,7,6,8,9,7,6,9,5,5,8,6,7,5,8,6,6,8,11,6,8,5,5,6,8,7,7,6,7,10,6,6,7,7,6,6,9,7,8,6,11
5,6,5,5,6,5,5,6,7,6,5,5,5,5,5,7,5,5,8,6,6,5,5,6,5,6,6,5,6,5,5,6,5,5,6,6,5,6,5,6,5,5,5,5,6,5,6,5,4,6,13,16,14,19,14,27,14,11,23,14,10,18,14,19,24,15,16,14,16,14,15,19,15,14,23,14,15,14,20,18,12,12,14,15,15,15,15,18,19,18,14,15,14,12,24,25,42,23,12,27,6,7,5,9,6,5,8,8,7,5,7,6,6,9,7,6,7,5,5,8,6,7,5,8,6,6,8,8,6,6,5,5,6,8,7,5,6,7,8,6,6,7,7,6,6,6,7,6,6,8
5,6,5,5,6,5,5,6,7,6,5,5,5,5,5,5,5,5,6,6,6,5,5,6,5,6,6,5,6,5,5,6,5,5,6,6,5,6,5,6,5,5,5,5,6,5,6,5,4,6,12,15,13,16,13,17,13,10,20,13,9,14,13,18,21,14,15,13,19,13,14,16,14,13,22,13,14,13,19,12,11,11,13,14,14,14,14,15,16,15,13,14,13,11,16,13,23,26,11,17,6,7,5,9,6,5,8,8,7,5,7,6,6,7,7,6,7,5,5,8,6,7,5,8,6,6,10,8,6,6,5,5,6,8,7,5,6,7,8,6,6,7,7,6,6,6,7,6,8,8
7,6,5,5,6,5,5,6,5,6,5,5,5,5,5,5,5,7,6,8,6,7,5,8,5,6,6,5,6,5,5,6,5,5,6,6,5,6,5,8,5,5,5,5,8,5,8,5,4,6,11,14,12,12,12,13,12,9,11,12,8,13,12,13,11,13,14,12,14,20,13,12,18,12,11,12,13,12,14,11,12,10,12,13,13,13,13,12,12,16,12,13,12,10,12,12,12,11,20,12,6,7,5,7,6,5,10,6,9,5,7,6,6,9,7,6,7,5,5,8,6,7,5,8,6,6,8,8,6,6,5,5,6,8,7,5,6,7,8,6,6,7,7,6,6,6,10,6,6,8
5,6,5,5,6,5,5,6,5,6,5,5,5,5,5,7,5,5,8,6,6,5,5,6,5,6,6,5,6,5,5,6,5,5,6,6,5,6,5,6,5,5,5,5,6,5,6,5,4,6,13,16,14,19,19,34,14,11,17,14,10,15,14,15,18,15,16,16,16,14,15,26,15,18,17,14,20,14,16,17,12,12,14,15,15,15,15,18,23,18,14,15,14,12,19,18,27,17,12,38,6,7,5,7,6,5,8,6,7,5,7,6,6,9,9,6,7,5,5,8,6,9,7,8,6,6,11,8,8,6,7,5,8,11,7,5,6,7,8,6,6,7,7,6,6,6,7,6,6,8
5,6,5,5,6,5,5,6,5,6,5,5,5,5,5,5,5,5,6,6,6,5,5,9,5,6,6,5,6,5,5,6,5,5,6,6,5,6,5,6,5,5,5,5,6,5,6,5,4,9,6,8,8,6,7,7,16,5,5,7,5,7,6,7,6,7,8,6,8,6,8,6,14,6,6,6,8,8,8,6,5,5,6,8,8,8,7,9,6,6,6,7,6,6,6,6,6,6,6,6,34,14,12,20,14,11,13,11,15,14,15,13,14,14,14,13,15,12,12,15,14,14,12,22,19,16,15,16,14,13,12,11,14,22,14,13,19,15,15,14,14,15,14,14,24,13,21,13,14,15
6,7,6,6,7,6,6,7,6,7,6,6,6,6,9,6,6,6,7,7,7,6,6,7,6,7,7,6,7,6,6,7,6,6,7,7,6,7,6,7,6,6,6,6,7,6,7,6,5,7,7,9,9,7,8,8,8,6,6,12,6,8,7,8,7,8,9,18,9,7,9,7,9,7,7,7,9,9,9,7,6,6,18,19,9,9,8,7,7,7,7,8,10,7,11,7,7,7,7,7,14,42,12,14,14,11,13,11,15,12,20,23,14,14,25,13,15,12,12,15,14,14,12,22,14,14,15,16,14,13,14,11,14,21,14,13,14,15,15,14,14,20,42,14,14,13,17,13,14,20
4,7,4,4,5,4,4,5,4,5,4,4,6,6,4,4,4,4,5,5,5,4,4,5,4,7,5,4,5,4,4,5,4,4,5,5,4,5,6,5,4,4,4,4,5,6,5,4,3,5,5,7,7,5,6,6,6,4,4,6,4,9,5,6,5,6,9,5,7,5,7,5,7,5,5,7,7,10,7,5,4,4,5,7,9,7,6,5,7,5,5,9,5,5,5,7,5,5,5,5,12,12,20,12,17,17,11,9,13,10,13,11,21,12,12,11,19,10,10,13,12,12,10,14,14,12,13,19,14,15,10,9,12,14,12,15,12,13,17,14,12,13,12,14,12,17,13,16,12,18
6,7,6,6,7,6,6,7,8,7,6,6,6,6,6,6,6,6,7,7,7,6,6,7,6,7,7,6,7,6,6,7,6,6,7,7,6,7,6,7,6,6,6,6,7,6,7,6,5,7,7,9,9,7,8,8,11,6,8,8,6,8,7,10,9,8,9,7,9,7,13,7,14,7,9,7,9,9,11,7,6,6,7,9,9,9,8,9,7,7,7,8,7,7,7,7,9,9,7,7,20,14,12,36,14,11,13,20,20,12,15,13,14,14,14,13,21,12,12,15,14,14,12,30,14,20,21,22,16,13,12,11,16,22,16,13,24,20,22,14,16,15,14,14,14,13,21,13,14,21
5,8,5,5,6,5,5,6,5,6,5,5,7,7,5,5,5,5,6,6,6,5,5,6,5,8,6,5,6,5,5,6,5,5,6,6,5,6,7,6,5,5,5,5,6,7,6,5,4,6,6,8,8,6,9,7,7,5,5,7,5,10,6,7,6,7,10,6,8,6,8,6,8,6,6,8,8,11,8,6,5,5,6,8,10,8,7,6,8,6,6,10,6,6,6,8,6,6,6,6,14,14,17,14,32,16,13,11,17,12,19,13,20,14,14,13,28,14,12,15,14,14,12,16,14,14,15,22,14,22,12,11,16,16,14,18,14,15,20,14,14,15,14,14,14,20,15,26,14,21
4,7,4,4,5,4,4,5,4,5,4,4,6,6,4,4,4,4,5,5,5,4,4,5,4,7,5,4,5,4,4,5,4,4,5,5,4,5,6,5,4,4,4,4,5,6,5,4,3,5,5,7,7,5,6,6,6,4,4,6,4,9,5,6,5,6,9,5,7,5,7,5,7,5,5,7,7,10,7,5,4,4,5,7,9,7,6,5,7,5,5,9,5,5,5,7,5,5,5,5,11,11,17,11,16,16,10,8,12,9,12,10,20,11,11,10,18,9,9,12,11,11,9,13,13,11,12,18,13,14,9,8,11,13,11,14,11,12,16,13,11,12,11,11,11,16,12,15,11,17
7,10,7,7,8,7,7,8,7,10,7,7,7,7,7,7,7,7,8,8,8,7,7,8,7,8,8,7,8,7,7,8,7,7,10,8,7,10,7,8,7,7,7,7,8,7,8,7,6,8,8,12,10,8,9,11,9,9,7,9,7,9,8,9,8,9,12,8,12,10,10,8,13,8,8,8,10,12,12,8,7,7,8,10,12,12,9,8,8,10,8,9,8,8,8,8,8,8,10,8,13,13,11,13,13,10,22,10,18,11,14,12,13,17,13,12,14,11,11,14,13,13,11,15,13,13,14,15,13,12,11,10,13,15,13,12,13,14,14,13,13,14,13,13,13,12,19,12,13,14
5,6,5,5,6,5,5,6,7,6,5,5,5,5,5,5,5,5,6,6,6,5,5,6,5,6,6,5,6,5,5,6,5,5,6,6,5,6,5,6,5,5,5,5,6,5,6,5,4,6,6,8,8,6,7,7,7,5,7,7,5,7,6,9,8,7,8,6,8,6,12,6,8,6,8,6,8,8,10,6,5,5,6,8,8,8,7,6,6,6,6,7,6,6,6,6,8,8,6,6,11,11,9,20,11,8,10,16,16,9,12,10,11,11,11,10,17,9,9,12,11,11,9,18,11,16,17,18,11,10,9,8,11,13,11,10,11,16,18,11,11,12,11,11,11,10,12,10,11,17
6,7,6,6,7,6,6,7,6,7,6,6,6,6,6,6,6,6,7,7,7,6,6,7,6,7,7,6,7,6,6,7,6,6,7,7,6,7,6,7,6,6,6,6,7,6,7,6,5,7,7,9,9,7,8,8,8,6,6,8,6,8,7,8,7,11,9,7,9,9,13,7,12,7,7,7,9,12,9,7,6,6,7,9,9,9,11,7,7,9,7,8,7,7,7,7,7,7,9,7,15,15,13,20,17,12,18,16,30,13,16,14,15,19,15,14,21,13,13,16,15,15,13,22,19,20,21,22,15,16,13,12,15,17,15,14,15,20,22,15,20,16,15,15,19,19,21,14,15,21
4,5,4,4,7,4,4,5,4,5,4,4,4,4,4,4,4,4,5,5,5,4,6,5,4,5,5,4,5,4,4,5,4,4,5,5,4,5,4,5,4,4,4,4,5,4,5,4,3,5,5,7,7,5,6,6,6,4,4,6,4,6,5,6,5,6,7,5,7,5,7,5,7,5,5,5,7,7,7,5,4,4,5,7,7,7,6,5,5,5,5,6,5,5,5,5,5,5,5,5,14,12,10,12,12,9,11,9,13,18,13,11,12,12,12,11,13,10,10,13,12,12,10,14,12,14,13,14,12,13,12,9,12,14,12,13,12,13,13,12,12,13,12,12,14,11,13,11,12,13
6,7,8,6,7,6,6,7,6,7,6,6,6,6,6,6,6,6,7,7,7,6,6,7,6,7,7,6,7,8,6,7,6,6,7,9,6,7,6,7,6,6,8,6,7,6,7,8,5,7,9,12,9,7,10,8,8,6,6,8,6,8,7,8,7,8,9,7,9,7,12,7,9,7,7,7,9,9,9,7,6,6,7,11,9,9,8,7,7,7,7,8,7,7,7,7,7,7,7,7,15,20,13,15,19,12,14,12,16,13,32,14,15,17,20,19,20,13,13,16,19,17,15,17,15,20,16,17,15,14,13,14,15,21,15,14,15,16,16,15,15,20,20,19,15,14,16,23,15,20
5,6,5,5,6,5,5,6,5,6,5,5,5,5,5,5,5,5,6,6,6,5,5,6,5,6,6,5,6,5,5,6,5,5,6,6,5,6,5,6,5,5,5,5,6,5,6,5,4,6,6,11,8,6,7,7,7,5,5,9,5,7,6,7,6,7,8,9,8,6,8,6,8,6,8,6,8,8,8,6,5,5,9,11,8,8,7,6,6,6,6,7,6,6,8,6,6,6,6,6,13,23,11,13,13,10,12,10,14,11,14,26,13,13,13,19,14,11,11,14,13,13,11,19,13,13,14,15,17,12,13,10,17,15,13,12,13,18,14,13,13,14,23,13,13,12,16,12,13,14
5,8,5,5,6,5,5,6,5,6,5,5,7,7,5,5,5,5,6,6,6,5,5,6,5,8,6,5,6,5,5,6,5,5,6,6,5,6,7,6,5,5,5,5,6,7,6,5,4,6,6,8,8,6,7,7,7,5,5,7,5,10,6,7,6,7,10,6,8,6,8,6,8,6,6,8,10,11,8,6,5,5,6,8,10,8,7,6,8,6,6,10,6,6,6,8,6,6,6,6,14,14,21,14,20,20,13,11,15,12,15,13,32,14,14,13,27,12,12,15,14,14,12,16,16,14,15,22,16,18,12,11,14,16,14,18,14,17,20,16,14,15,14,18,14,20,15,19,14,21
6,7,6,6,7,6,6,7,6,7,6,6,6,6,6,8,6,6,9,7,7,6,6,7,6,7,7,6,7,6,6,7,6,6,7,7,6,7,6,7,6,6,6,6,7,6,7,6,5,7,7,9,9,7,8,10,8,6,6,8,6,8,7,8,7,8,9,7,9,9,9,7,12,7,7,7,9,11,9,9,6,6,7,9,9,9,8,7,7,9,7,8,7,7,7,9,9,7,9,9,14,14,12,14,14,11,17,11,19,12,17,13,14,28,14,13,15,12,12,19,14,16,14,16,14,14,15,16,14,13,12,13,14,16,14,13,14,15,15,14,14,15,14,14,14,13,26,15,14,15
6,7,6,6,7,6,6,7,6,7,6,6,6,6,8,6,6,6,7,7,7,6,6,7,6,7,7,6,7,6,6,7,6,6,7,7,6,7,6,7,6,6,6,6,7,6,7,6,5,7,7,9,9,7,11,10,8,6,6,8,6,8,7,8,7,8,9,10,9,7,9,9,9,9,7,7,12,9,9,7,6,6,10,11,9,9,8,7,7,7,7,8,9,7,7,7,7,7,7,9,14,25,12,14,14,11,13,11,15,12,20,13,14,14,32,13,15,12,12,15,14,18,16,16,14,14,20,16,18,13,16,11,18,28,14,13,16,15,15,14,16,20,25,14,14,13,15,13,14,20
5,6,8,5,6,5,5,6,5,6,5,5,5,5,5,5,5,5,6,6,6,5,5,6,5,6,6,5,6,8,5,6,5,5,6,9,5,6,5,6,5,5,8,5,6,5,6,8,4,6,9,18,8,6,7,7,7,5,5,7,5,7,6,7,6,7,8,6,8,6,12,6,8,6,9,6,8,8,8,6,5,5,6,8,8,8,7,6,6,6,6,7,6,6,6,6,6,6,6,6,13,13,11,13,13,10,12,10,14,11,19,19,13,13,13,32,14,11,13,14,23,13,11,15,13,19,14,15,18,12,11,10,18,15,13,15,13,19,14,13,13,16,13,22,13,14,14,12,15,14
6,9,6,6,7,6,6,7,6,7,6,6,8,8,6,6,6,6,7,7,7,6,6,7,6,9,7,6,7,6,6,7,6,6,7,7,6,7,8,7,6,6,6,6,7,8,7,6,5,7,7,9,9,7,10,8,8,6,6,8,6,11,7,8,7,8,11,7,9,7,13,7,9,7,7,9,9,12,9,7,6,6,7,9,11,9,8,7,9,7,7,11,7,7,7,9,7,7,7,7,15,15,19,21,28,18,14,17,21,13,20,14,27,15,15,14,46,13,13,16,15,15,13,23,15,21,22,32,15,20,13,12,15,17,15,20,15,26,31,15,15,16,15,15,15,22,16,28,15,31
4,5,4,4,5,4,4,5,4,5,4,4,4,4,4,4,4,4,7,7,5,4,4,5,4,5,5,4,5,4,4,5,4,4,5,5,4,5,4,5,4,4,4,4,7,4,7,4,3,5,5,7,7,5,6,6,6,4,4,6,4,6,5,6,5,6,7,5,7,5,7,5,7,5,5,5,7,7,7,5,4,4,5,7,7,7,6,5,5,5,5,6,5,5,5,5,5,5,5,5,12,12,10,12,14,9,11,9,13,10,13,11,12,12,12,11,13,20,12,13,12,12,14,14,12,12,13,14,12,11,10,13,14,14,12,13,12,13,13,12,12,13,12,12,12,11,13,11,12,13
4,5,4,4,5,4,4,5,4,5,4,4,4,4,4,4,4,4,5,5,5,4,4,5,4,5,5,4,5,4,4,5,4,4,5,5,4,5,4,5,4,4,4,4,5,4,5,4,3,5,5,7,7,5,6,6,6,4,4,6,4,6,5,6,5,6,7,5,7,5,7,5,7,5,5,5,7,7,7,7,4,4,5,7,7,7,6,5,5,5,7,6,7,5,5,5,5,5,5,5,12,12,10,12,12,9,11,9,13,10,13,11,12,12,12,13,13,12,20,13,15,12,12,14,12,12,13,14,12,11,10,9,12,14,16,18,12,13,13,12,12,15,12,14,12,13,13,11,14,13
7,8,7,7,8,7,7,8,7,8,7,7,7,7,7,7,7,7,8,8,8,7,7,8,7,8,8,7,8,7,7,8,7,7,8,8,7,8,7,8,7,7,7,7,8,7,8,7,6,8,8,14,14,8,14,9,9,7,7,9,7,13,19,9,8,9,14,8,21,8,10,8,15,8,8,8,10,12,22,8,7,7,8,14,14,14,13,8,8,8,8,9,8,8,8,8,8,8,8,8,15,15,13,15,15,12,14,12,16,13,16,14,15,19,15,14,16,13,13,46,15,15,13,17,15,15,16,17,15,14,13,12,15,25,15,14,15,16,22,15,15,16,15,15,15,14,20,14,15,16
5,6,7,5,6,5,5,6,5,6,5,5,5,5,5,5,5,5,6,6,6,5,5,6,5,6,6,5,6,7,5,6,5,5,6,8,5,6,5,6,5,5,7,5,6,5,6,7,4,6,8,11,10,6,7,7,7,5,5,7,5,7,6,7,6,7,8,6,8,6,11,6,8,6,6,6,8,8,8,6,5,5,6,8,8,8,7,6,6,6,6,7,6,6,6,6,6,6,6,6,14,14,12,14,14,11,13,11,15,12,19,13,14,14,14,23,15,12,15,15,32,14,12,16,16,19,15,16,14,13,12,11,14,16,14,17,14,15,15,19,14,26,14,23,16,16,15,13,17,15
6,7,6,6,7,6,6,7,6,7,6,6,6,6,6,6,6,6,7,7,7,6,6,7,6,7,7,6,7,6,6,7,6,6,7,7,6,7,6,7,6,6,6,6,7,6,7,6,5,7,7,9,11,7,11,10,8,6,6,8,6,8,7,8,9,8,11,7,9,9,9,9,12,9,7,7,12,9,9,7,6,6,7,9,9,9,8,7,9,7,7,8,7,7,9,7,7,7,7,9,14,14,12,14,14,11,13,11,15,12,17,13,14,16,18,13,15,12,12,15,14,28,20,21,14,14,20,20,18,13,16,13,18,21,14,13,14,15,15,14,14,15,14,14,14,13,15,15,14,15
4,5,4,4,5,4,4,5,4,5,4,4,4,4,4,4,4,4,5,5,5,4,4,5,4,5,5,4,5,4,4,5,4,4,5,5,4,5,4,5,4,4,4,4,5,4,5,4,3,5,5,7,7,5,9,8,6,4,4,6,4,6,5,6,5,6,7,5,7,5,7,7,7,7,5,5,10,7,7,5,4,4,5,7,7,7,6,5,5,5,5,6,5,5,5,5,5,5,5,7,12,12,10,12,12,9,11,9,13,10,15,11,12,14,16,11,13,14,12,13,12,20,22,14,12,12,18,14,16,11,14,11,16,19,12,13,12,13,13,12,12,13,12,12,12,11,13,13,12,13
7,8,7,7,8,7,7,8,7,8,7,7,7,7,7,7,7,7,8,8,8,7,7,8,7,8,8,7,8,7,7,8,7,7,8,8,7,8,7,8,7,7,7,7,8,7,8,7,6,8,8,10,13,8,9,9,13,7,7,11,7,9,8,9,8,9,10,11,10,8,14,8,22,8,8,8,10,10,10,8,7,7,11,13,10,10,9,11,8,8,8,9,8,8,10,8,8,8,8,8,22,22,14,30,16,13,15,18,22,14,17,19,16,16,16,15,23,14,14,17,16,21,14,46,16,22,23,31,16,15,14,13,16,24,16,15,21,22,24,16,16,17,22,16,16,15,23,15,16,23
5,6,5,5,6,5,5,6,5,6,5,5,5,5,5,5,5,5,6,6,6,5,5,8,5,6,6,5,6,5,5,6,5,5,6,6,5,6,5,6,5,5,5,5,6,5,6,5,4,8,6,8,8,6,7,7,9,5,5,7,5,7,6,7,6,10,8,6,8,6,8,6,8,6,6,6,8,11,8,6,5,5,6,8,8,8,10,6,6,6,6,7,6,6,6,6,6,6,6,6,19,14,14,14,14,13,13,11,19,12,15,13,16,14,14,13,15,12,12,15,16,14,12,16,28,14,15,16,16,13,12,11,14,16,14,13,14,15,15,16,19,15,14,14,27,18,15,13,14,15
5,6,8,5,6,5,5,6,5,6,5,5,5,5,5,5,5,5,6,6,6,5,5,6,5,6,6,5,6,8,5,6,5,5,6,9,5,6,5,6,5,5,8,5,6,5,6,8,4,6,9,12,8,6,7,7,7,5,5,7,5,7,6,7,6,7,8,6,8,6,19,6,8,6,6,6,8,8,8,6,5,5,6,8,8,8,7,6,6,6,6,7,6,6,6,6,6,6,6,6,16,14,12,20,14,11,13,16,20,14,20,13,14,14,14,19,21,12,12,15,19,14,12,22,14,32,21,22,14,15,12,11,14,16,14,13,14,20,22,14,14,15,14,19,14,13,15,13,14,21
7,8,7,7,8,7,7,8,7,8,7,7,7,7,7,7,7,7,8,8,8,7,7,8,7,8,8,7,8,7,7,8,7,7,8,8,7,8,7,8,7,7,7,7,8,7,8,7,6,8,8,10,10,8,13,12,9,7,7,9,7,9,8,9,8,9,10,8,12,8,21,11,10,11,8,8,20,10,10,8,7,7,8,10,10,10,9,8,8,8,8,9,8,8,8,8,8,10,8,11,15,15,13,21,15,12,14,17,21,13,16,14,15,15,20,14,22,13,13,16,15,20,18,23,15,21,42,23,20,14,18,12,20,23,15,14,15,21,30,15,15,16,15,15,15,14,16,14,19,22
7,11,7,7,8,7,7,8,7,8,7,7,10,10,7,7,7,7,8,8,8,7,7,8,7,11,8,7,8,7,7,8,7,7,8,8,7,8,10,8,7,7,7,7,8,10,8,7,6,8,8,10,12,8,9,9,9,7,7,9,7,13,8,13,8,9,13,8,10,8,14,11,13,11,8,11,10,14,10,8,7,7,8,10,13,10,9,8,11,8,8,20,8,8,8,11,8,8,8,8,16,16,19,22,22,18,15,18,22,14,17,15,22,16,16,15,32,14,14,17,16,20,14,31,16,22,23,46,16,20,14,13,16,18,22,20,16,22,31,16,16,17,16,16,16,22,17,21,16,31
5,6,5,5,6,5,5,6,5,6,5,5,5,5,5,5,5,5,6,6,6,5,5,6,5,6,6,5,6,5,5,6,5,5,6,6,5,6,5,6,5,5,5,5,6,5,6,5,4,6,6,11,8,6,10,9,7,5,5,7,5,7,6,7,6,7,8,6,8,6,8,8,8,8,8,6,11,8,8,6,5,5,6,8,8,8,7,6,6,6,6,7,6,6,6,6,6,6,6,8,14,14,14,16,14,13,13,11,15,12,15,17,16,14,18,18,15,12,12,15,14,18,16,16,16,14,20,16,28,13,16,11,26,21,16,13,17,19,15,16,16,15,14,14,14,13,15,13,14,15
5,8,5,5,6,5,5,6,5,6,5,5,7,7,5,5,5,5,6,6,6,5,5,6,5,8,6,5,6,5,5,6,5,5,6,6,5,6,7,6,5,5,5,5,6,7,6,5,4,6,6,8,8,6,7,7,9,5,5,7,5,10,6,7,6,7,10,6,8,6,8,6,8,6,6,8,8,11,8,6,5,5,6,10,10,10,7,6,8,6,6,10,6,6,6,8,6,6,6,6,13,13,15,13,22,14,12,10,16,13,14,12,18,13,13,12,20,11,11,14,13,13,11,15,13,15,14,20,13,24,11,10,13,15,13,16,13,14,18,13,13,14,13,13,13,18,14,17,13,19
4,5,4,4,5,4,4,5,4,5,4,4,4,4,4,4,4,4,5,5,5,4,4,5,4,5,5,4,5,4,4,5,4,4,5,5,4,5,4,5,4,4,4,4,5,4,5,4,3,5,5,7,7,5,9,8,6,4,4,6,4,6,5,6,5,6,7,5,7,5,7,7,7,7,5,5,10,7,7,5,4,4,5,7,7,7,6,5,5,5,5,6,5,5,5,5,5,5,5,7,12,14,10,12,12,9,11,9,13,12,13,13,12,12,16,11,13,10,10,13,12,16,14,14,12,12,18,14,16,11,18,9,16,19,12,13,12,13,13,12,12,13,14,12,12,11,15,11,12,13
4,5,4,4,5,4,4,5,4,5,4,4,4,4,4,4,4,4,7,7,5,4,4,5,4,5,5,4,5,4,4,5,4,4,5,5,4,5,4,5,4,4,4,4,7,4,7,4,3,5,5,7,7,5,6,6,6,4,4,6,4,6,5,6,5,6,7,5,7,5,7,5,7,5,5,5,7,7,7,5,4,4,5,7,7,7,6,5,5,5,5,6,5,5,5,5,5,5,5,5,11,11,9,11,11,8,10,8,12,9,14,10,11,13,11,10,12,13,9,12,11,13,11,13,11,11,12,13,11,10,9,14,11,13,11,10,11,12,12,11,11,12,11,11,11,10,12,12,11,12
5,6,5,5,6,5,5,6,5,6,5,5,5,5,5,5,5,5,6,6,6,5,5,6,5,6,6,5,6,5,5,6,5,5,6,6,5,6,5,6,5,5,5,5,6,5,6,5,4,6,6,11,8,6,10,9,7,5,5,7,5,7,6,7,6,7,8,6,8,6,8,8,8,8,8,6,11,8,8,6,5,5,6,8,8,8,7,6,6,6,6,7,6,6,6,6,6,6,6,8,14,14,12,16,16,11,13,11,15,12,15,17,14,14,18,18,15,14,12,15,14,18,16,16,14,14,20,16,26,13,16,11,28,21,16,13,17,19,15,14,16,15,14,14,14,13,15,13,14,15
7,8,7,7,8,7,7,8,7,8,7,7,7,7,7,7,7,7,8,8,8,7,7,8,7,8,8,7,8,7,7,8,7,7,8,8,7,8,7,8,7,7,7,7,8,7,8,7,6,8,8,14,14,8,20,12,13,7,7,9,7,13,8,9,8,9,14,8,15,8,10,11,23,11,8,8,14,10,15,8,7,7,8,12,14,10,13,11,8,8,8,9,8,8,8,8,8,8,8,11,22,21,14,22,16,13,15,13,17,14,21,15,16,16,28,15,17,14,14,25,16,21,19,24,16,16,23,18,21,15,19,13,21,48,16,15,21,17,17,16,16,21,21,16,16,15,23,15,16,21
6,7,6,6,7,6,6,7,6,7,6,6,6,6,6,6,6,6,7,7,7,6,6,7,6,7,7,6,7,6,6,7,6,6,7,7,6,7,6,7,6,6,6,6,7,6,7,6,5,7,9,9,9,7,8,8,8,6,6,10,6,8,7,17,7,10,9,7,9,7,9,10,9,10,7,9,11,9,9,9,6,6,7,9,9,9,8,7,7,7,9,18,9,7,7,7,7,7,7,7,14,14,12,16,14,11,13,11,15,12,15,13,14,14,14,13,15,12,16,15,14,14,12,16,14,14,15,22,16,13,12,11,16,16,30,13,17,15,15,14,16,15,14,14,14,13,15,13,14,15
4,7,4,4,5,4,4,5,4,5,4,4,6,6,4,4,4,4,5,5,5,4,4,5,4,7,5,4,5,4,4,5,4,4,5,5,4,5,6,5,4,4,4,4,5,6,5,4,3,5,5,7,7,5,6,6,6,4,4,6,4,9,5,6,5,6,9,5,7,5,7,5,7,5,5,7,7,10,7,5,4,4,5,7,9,7,6,5,7,5,5,9,5,5,5,7,5,5,5,5,13,13,15,13,18,14,12,10,14,13,14,12,18,13,13,15,20,13,18,14,17,13,13,15,13,13,14,20,13,16,13,10,13,15,13,28,13,14,18,13,13,17,13,16,13,23,14,17,16,19
5,6,5,5,6,5,7,8,5,6,5,7,5,5,5,5,5,5,6,6,8,5,5,6,7,6,8,5,8,5,5,8,5,5,6,6,5,6,5,8,5,5,5,5,6,5,6,5,4,6,6,8,8,6,7,7,10,5,5,7,5,7,6,7,6,7,8,6,8,6,8,6,13,6,6,6,8,8,8,6,5,5,6,8,8,10,7,8,6,6,6,7,6,6,6,6,6,6,6,6,19,14,12,24,14,11,13,11,15,12,15,13,14,14,16,13,15,12,12,15,14,14,12,21,14,14,15,16,17,13,12,11,17,21,17,13,32,15,15,14,21,15,14,14,14,13,20,13,18,15
6,7,6,8,7,6,6,7,6,9,6,6,6,6,6,6,6,6,7,7,7,6,6,7,6,7,7,6,7,6,8,7,6,6,9,7,6,9,6,7,6,6,6,6,7,6,7,6,5,7,7,12,12,7,8,8,8,6,6,8,6,8,7,8,7,11,9,7,9,7,13,7,9,7,9,7,9,9,9,7,6,6,7,9,9,9,11,7,7,7,7,8,7,7,7,7,7,7,7,7,15,15,13,20,15,12,14,16,20,13,16,18,17,15,15,19,26,13,13,16,15,15,13,22,15,20,21,22,19,14,13,12,19,17,15,14,15,32,22,20,20,21,15,15,15,14,16,14,15,21
7,10,7,7,8,7,7,8,7,8,7,7,9,9,7,7,7,7,8,8,8,7,7,8,7,10,8,7,8,7,7,8,7,7,8,8,7,8,9,8,7,7,7,7,8,9,8,7,6,8,8,10,10,8,9,9,9,7,7,9,7,12,11,9,8,9,12,8,10,8,20,8,10,8,8,10,13,13,13,8,7,7,8,12,12,12,9,8,10,8,8,12,8,8,8,10,8,8,8,8,15,15,17,22,20,16,14,18,22,13,16,14,20,15,15,14,31,13,13,22,15,15,13,24,15,22,30,31,15,18,13,12,15,17,15,18,15,22,40,15,15,16,15,15,15,20,16,19,15,30
5,6,5,8,6,5,5,6,5,9,5,5,5,5,5,5,5,5,6,6,6,5,5,6,5,6,6,5,6,5,8,6,5,5,9,6,5,9,5,6,5,5,5,5,6,5,6,5,4,6,6,8,17,6,7,7,7,5,5,7,5,7,6,7,6,11,8,6,8,6,8,6,8,6,6,6,8,8,8,6,5,5,6,8,8,8,11,6,6,6,6,7,6,6,6,6,6,6,6,6,14,14,14,14,14,13,13,11,15,12,15,13,16,14,14,13,15,12,12,15,19,14,12,16,16,14,15,16,16,13,12,11,14,16,14,13,14,20,15,34,20,32,14,14,14,13,15,13,16,15
5,6,5,8,6,5,5,6,5,9,5,5,5,5,5,5,5,5,6,6,6,5,5,6,5,6,6,5,6,5,8,6,5,5,9,6,5,9,5,6,5,5,5,5,6,5,6,5,4,6,6,8,12,6,7,7,7,5,5,7,5,7,6,7,6,17,8,6,8,6,8,6,8,6,6,6,8,12,8,6,5,5,6,8,8,8,17,6,6,6,6,7,6,6,6,6,6,6,6,6,14,14,12,16,14,11,13,11,20,12,15,13,14,14,16,13,15,12,12,15,14,14,12,16,19,14,15,16,16,13,12,11,16,16,16,13,21,20,15,20,34,21,14,14,19,19,15,13,14,15
6,7,6,9,7,6,6,7,6,10,6,6,6,6,6,6,6,6,7,7,7,6,6,7,6,7,7,6,7,6,9,7,6,6,10,7,6,10,6,7,6,6,6,6,7,6,7,6,5,7,7,9,18,7,8,8,8,6,6,8,6,8,7,8,7,12,9,7,9,7,9,7,9,7,7,7,9,9,9,7,6,6,7,11,9,9,12,7,7,7,7,8,7,7,7,7,7,7,7,7,15,20,13,15,15,12,14,12,16,13,20,14,15,15,20,16,16,13,15,16,26,15,13,17,15,15,16,17,15,14,13,12,15,21,15,17,15,21,16,32,21,42,20,17,15,16,16,14,17,20
6,7,6,6,7,6,6,7,6,7,6,6,6,6,9,6,6,6,7,7,7,6,6,7,6,7,7,6,7,6,6,7,6,6,7,7,6,7,6,7,6,6,6,6,7,6,7,6,5,7,7,9,9,7,8,8,8,6,6,12,6,8,7,8,7,8,9,18,9,7,9,7,9,7,7,7,9,9,9,7,6,6,18,19,9,9,8,7,7,7,7,8,10,7,11,7,7,7,7,7,14,42,12,14,14,11,13,11,15,12,20,23,14,14,25,13,15,12,12,15,14,14,12,22,14,14,15,16,14,13,14,11,14,21,14,13,14,15,15,14,14,20,42,14,14,13,17,13,14,20
5,6,7,5,6,5,5,6,5,6,5,5,5,5,5,5,5,5,6,6,6,5,5,6,5,6,6,5,6,7,5,6,5,5,6,8,5,6,5,6,5,5,7,5,6,5,6,7,4,6,8,11,8,6,7,7,7,5,5,7,5,7,6,7,6,7,8,6,8,6,11,6,8,6,6,6,10,8,8,6,5,5,6,8,8,8,7,6,6,6,6,7,6,6,6,6,6,6,6,6,14,14,14,14,14,11,13,11,15,12,19,13,18,14,14,22,15,12,14,15,23,14,12,16,14,19,15,16,14,13,12,11,14,16,14,16,14,15,15,14,14,17,14,28,14,15,15,13,16,15
5,6,5,5,6,5,5,6,5,6,5,5,5,5,5,5,5,5,6,6,6,5,5,8,5,6,6,5,6,5,5,6,5,5,6,6,5,6,5,6,5,5,5,5,6,5,6,5,4,8,6,8,8,6,7,7,9,5,5,7,5,7,6,7,6,10,8,6,8,6,8,6,8,6,6,6,8,11,8,6,5,5,6,8,8,8,10,6,6,6,6,7,6,6,6,6,6,6,6,6,24,14,12,14,14,11,13,11,19,14,15,13,14,14,14,13,15,12,12,15,16,14,12,16,27,14,15,16,14,13,12,11,14,16,14,13,14,15,15,14,19,15,14,14,32,18,15,13,14,15
5,9,5,5,6,5,5,6,5,6,5,5,8,8,5,5,5,5,6,6,6,5,5,6,5,9,6,5,6,5,5,6,5,5,6,6,5,6,8,6,5,5,5,5,6,8,6,5,4,6,6,8,8,6,7,7,7,5,5,7,5,11,6,7,6,11,11,6,8,6,8,6,8,6,6,9,8,18,8,6,5,5,6,8,11,8,11,6,9,6,6,11,6,6,6,9,6,6,6,6,13,13,17,13,20,16,12,10,19,11,14,12,20,13,13,14,22,11,13,14,16,13,11,15,18,13,14,22,13,18,11,10,13,15,13,23,13,14,20,13,19,16,13,15,18,34,14,21,15,21
6,7,6,6,7,6,6,7,6,7,6,6,6,6,6,6,6,6,7,7,7,6,6,7,6,7,7,6,7,6,6,7,6,6,7,7,6,7,6,7,6,6,6,6,7,6,7,6,5,7,7,9,9,7,8,8,12,6,6,8,6,8,7,8,7,8,9,7,9,10,9,7,21,7,7,7,9,11,9,7,6,6,7,9,9,9,8,10,7,10,7,8,7,7,7,7,7,7,10,7,21,17,13,21,15,12,19,12,21,13,16,16,15,26,15,14,16,13,13,20,15,15,13,23,15,15,16,17,15,14,15,12,15,23,15,14,20,16,16,15,15,16,17,15,15,14,38,14,15,16
5,8,5,5,6,5,5,6,5,6,5,5,7,7,5,5,5,5,6,6,6,5,5,6,5,8,6,5,6,5,5,6,5,5,6,6,5,6,7,6,5,5,5,5,6,7,6,5,4,6,6,8,8,6,9,7,7,5,5,7,5,10,6,7,6,7,10,6,8,6,8,6,8,6,6,8,8,11,8,6,5,5,6,8,10,8,7,6,8,6,6,10,6,6,6,8,6,6,6,6,13,13,16,13,26,15,12,10,14,11,23,12,19,15,13,12,28,11,11,14,13,15,13,15,13,13,14,21,13,17,11,12,13,15,13,17,13,14,19,13,13,14,13,13,13,21,14,32,13,20
5,6,5,5,6,5,7,8,5,6,5,7,5,5,5,5,5,5,6,6,8,5,5,6,7,6,8,5,8,5,5,8,5,5,6,6,5,6,5,8,5,5,5,5,6,5,6,5,4,6,6,8,8,6,7,7,7,5,5,7,5,7,6,7,6,7,8,6,10,6,8,6,8,6,6,6,8,8,8,6,5,5,6,8,8,10,7,6,6,6,6,7,6,6,6,6,6,8,6,6,14,14,12,14,14,11,13,11,15,12,15,13,14,14,14,15,15,12,14,15,17,14,12,16,14,14,19,16,14,13,12,11,14,16,14,16,18,15,15,16,14,17,14,16,14,15,15,13,26,15
7,11,7,7,8,7,7,8,7,8,7,7,10,10,7,7,7,7,8,8,8,7,7,8,7,11,8,7,8,7,7,8,7,7,8,8,7,8,10,8,7,7,7,7,8,10,8,7,6,8,8,10,10,8,9,9,9,7,7,9,7,19,8,9,8,9,13,8,10,8,21,8,10,8,8,11,10,14,10,8,7,7,8,12,13,10,9,8,11,8,8,13,8,8,8,11,8,8,8,8,15,20,18,21,21,17,14,17,21,13,20,14,21,15,20,14,31,13,13,16,15,15,13,23,15,21,22,31,15,19,13,12,15,21,15,19,15,21,30,15,15,20,20,15,15,21,16,20,15,42
