object_id,concept_id,weight
0,0,0.19931118704250333
1,0,0.19931118704250333
2,0,0.19931118704250333
3,0,0.19931118704250333
4,0,0.19931118704250333
5,0,0.19931118704250333
6,0,0.19931118704250333
7,0,0.19931118704250333
8,0,0.19931118704250333
9,0,0.19931118704250333
10,0,0.19931118704250333
11,0,0.19931118704250333
12,0,0.19931118704250333
13,0,0.19931118704250333
14,0,0.19931118704250333
15,0,0.19931118704250333
16,0,0.19931118704250333
17,0,0.19931118704250333
18,0,0.19931118704250333
19,0,0.19931118704250333
20,0,0.19931118704250333
21,0,0.19931118704250333
22,0,0.19931118704250333
23,0,0.19931118704250333
24,0,0.19931118704250333
25,0,0.19931118704250333
26,0,0.19931118704250333
27,0,0.19931118704250333
28,0,0.19931118704250333
29,0,0.19931118704250333
30,0,0.19931118704250333
31,0,0.19931118704250333
32,0,0.19931118704250333
33,0,0.19931118704250333
34,0,0.19931118704250333
35,0,0.19931118704250333
36,0,0.19931118704250333
37,0,0.19931118704250333
38,0,0.19931118704250333
39,0,0.19931118704250333
40,0,0.19931118704250333
41,0,0.19931118704250333
42,0,0.19931118704250333
43,0,0.19931118704250333
44,0,0.19931118704250333
45,0,0.19931118704250333
46,0,0.19931118704250333
47,0,0.19931118704250333
48,0,0.19931118704250333
49,0,0.19931118704250333
50,0,0.19931118704250333
51,0,0.19931118704250333
52,0,0.19931118704250333
53,0,0.19931118704250333
54,0,0.19931118704250333
55,0,0.19931118704250333
56,0,0.19931118704250333
57,0,0.19931118704250333
58,0,0.19931118704250333
59,0,0.19931118704250333
60,0,0.19931118704250333
61,0,0.19931118704250333
62,0,0.19931118704250333
63,0,0.19931118704250333
64,0,0.19931118704250333
65,0,0.19931118704250333
66,0,0.19931118704250333
67,0,0.19931118704250333
68,0,0.19931118704250333
69,0,0.19931118704250333
70,0,0.19931118704250333
71,0,0.19931118704250333
72,0,0.19931118704250333
73,0,0.19931118704250333
74,0,0.19931118704250333
75,0,0.19931118704250333
76,0,0.19931118704250333
77,0,0.19931118704250333
78,0,0.19931118704250333
79,0,0.19931118704250333
80,0,0.19931118704250333
81,0,0.19931118704250333
82,0,0.19931118704250333
83,0,0.19931118704250333
84,0,0.19931118704250333
85,0,0.19931118704250333
86,0,0.19931118704250333
87,0,0.19931118704250333
88,0,0.19931118704250333
89,0,0.19931118704250333
90,0,0.19931118704250333
91,0,0.19931118704250333
92,0,0.19931118704250333
93,0,0.19931118704250333
94,0,0.19931118704250333
95,0,0.19931118704250333
96,0,0.19931118704250333
97,0,0.19931118704250333
98,0,0.19931118704250333
99,0,0.19931118704250333
100,0,0.19931118704250333
101,0,0.19931118704250333
102,0,0.19931118704250333
103,0,0.19931118704250333
104,0,0.19931118704250333
105,0,0.19931118704250333
106,0,0.19931118704250333
107,0,0.19931118704250333
108,0,0.19931118704250333
109,0,0.19931118704250333
110,0,0.19931118704250333
111,0,0.19931118704250333
112,0,0.19931118704250333
113,0,0.19931118704250333
114,0,0.19931118704250333
115,0,0.19931118704250333
116,0,0.19931118704250333
117,0,0.19931118704250333
118,0,0.19931118704250333
119,0,0.19931118704250333
120,0,0.19931118704250333
121,0,0.19931118704250333
122,0,0.19931118704250333
123,0,0.19931118704250333
124,0,0.19931118704250333
125,0,0.19931118704250333
126,0,0.19931118704250333
127,0,0.19931118704250333
128,0,0.19931118704250333
129,0,0.19931118704250333
130,0,0.19931118704250333
131,0,0.19931118704250333
132,0,0.19931118704250333
133,0,0.19931118704250333
134,0,0.19931118704250333
135,0,0.19931118704250333
136,0,0.19931118704250333
137,0,0.19931118704250333
138,0,0.19931118704250333
139,0,0.19931118704250333
140,0,0.19931118704250333
141,0,0.19931118704250333
142,0,0.19931118704250333
143,0,0.19931118704250333
144,0,0.19931118704250333
145,0,0.19931118704250333
146,0,0.19931118704250333
147,0,0.19931118704250333
148,0,0.19931118704250333
149,0,0.19931118704250333
0,1,0.43429448190325176
17,1,0.43429448190325176
19,1,0.43429448190325176
21,1,0.43429448190325176
23,1,0.43429448190325176
39,1,0.43429448190325176
44,1,0.43429448190325176
46,1,0.43429448190325176
98,1,0.43429448190325176
0,2,0.9102392266268375
17,2,0.9102392266268375
0,3,1.4426950408889634
17,5,1.4426950408889634
0,6,0.7213475204444817
39,6,0.7213475204444817
46,6,0.7213475204444817
39,7,1.4426950408889634
46,8,1.4426950408889634
0,9,0.45511961331341866
17,9,0.45511961331341866
19,9,0.45511961331341866
21,9,0.45511961331341866
23,9,0.45511961331341866
39,9,0.45511961331341866
44,9,0.45511961331341866
46,9,0.45511961331341866
19,10,0.7213475204444817
21,10,0.7213475204444817
39,10,0.7213475204444817
21,11,1.4426950408889634
19,12,1.4426950408889634
23,13,1.4426950408889634
21,14,0.9102392266268375
44,14,0.9102392266268375
44,15,1.4426950408889634
17,16,0.9102392266268375
19,16,0.9102392266268375
19,17,0.7213475204444817
44,17,0.7213475204444817
46,17,0.7213475204444817
98,18,1.4426950408889634
0,19,0.5138983423697507
17,19,0.5138983423697507
27,19,0.5138983423697507
36,19,0.5138983423697507
40,19,0.5138983423697507
43,19,0.5138983423697507
0,20,0.7213475204444817
27,20,0.7213475204444817
36,20,0.7213475204444817
36,21,1.4426950408889634
27,22,1.4426950408889634
36,23,0.9102392266268375
40,23,0.9102392266268375
40,24,1.4426950408889634
40,25,0.9102392266268375
43,25,0.9102392266268375
43,26,1.4426950408889634
17,27,0.9102392266268375
40,27,0.9102392266268375
0,28,0.3898712452512801
1,28,0.3898712452512801
4,28,0.3898712452512801
6,28,0.3898712452512801
8,28,0.3898712452512801
12,28,0.3898712452512801
17,28,0.3898712452512801
28,28,0.3898712452512801
33,28,0.3898712452512801
45,28,0.3898712452512801
47,28,0.3898712452512801
49,28,0.3898712452512801
0,29,0.45511961331341866
1,29,0.45511961331341866
4,29,0.45511961331341866
8,29,0.45511961331341866
28,29,0.45511961331341866
33,29,0.45511961331341866
47,29,0.45511961331341866
49,29,0.45511961331341866
1,30,1.4426950408889634
47,31,1.4426950408889634
4,32,0.9102392266268375
49,32,0.9102392266268375
4,33,1.4426950408889634
49,34,1.4426950408889634
28,35,1.4426950408889634
8,36,1.4426950408889634
33,37,1.4426950408889634
1,38,0.7213475204444817
12,38,0.7213475204444817
45,38,0.7213475204444817
45,39,1.4426950408889634
12,40,1.4426950408889634
12,41,0.9102392266268375
45,41,0.9102392266268375
6,42,0.9102392266268375
47,42,0.9102392266268375
6,43,1.4426950408889634
6,44,0.9102392266268375
28,44,0.9102392266268375
6,45,0.7213475204444817
17,45,0.7213475204444817
45,45,0.7213475204444817
0,46,0.2969742043733701
1,46,0.2969742043733701
2,46,0.2969742043733701
3,46,0.2969742043733701
4,46,0.2969742043733701
7,46,0.2969742043733701
8,46,0.2969742043733701
10,46,0.2969742043733701
11,46,0.2969742043733701
14,46,0.2969742043733701
20,46,0.2969742043733701
22,46,0.2969742043733701
24,46,0.2969742043733701
25,46,0.2969742043733701
27,46,0.2969742043733701
28,46,0.2969742043733701
29,46,0.2969742043733701
30,46,0.2969742043733701
33,46,0.2969742043733701
35,46,0.2969742043733701
36,46,0.2969742043733701
38,46,0.2969742043733701
39,46,0.2969742043733701
42,46,0.2969742043733701
46,46,0.2969742043733701
47,46,0.2969742043733701
48,46,0.2969742043733701
49,46,0.2969742043733701
1,47,0.7213475204444817
25,47,0.7213475204444817
38,47,0.7213475204444817
38,48,1.4426950408889634
25,49,1.4426950408889634
2,50,0.9102392266268375
29,50,0.9102392266268375
2,51,1.4426950408889634
29,52,1.4426950408889634
2,53,0.5581106265512472
29,53,0.5581106265512472
35,53,0.5581106265512472
42,53,0.5581106265512472
47,53,0.5581106265512472
2,54,0.9102392266268375
42,54,0.9102392266268375
42,55,1.4426950408889634
35,56,1.4426950408889634
2,57,0.6213349345596119
36,57,0.6213349345596119
38,57,0.6213349345596119
42,57,0.6213349345596119
38,58,0.9102392266268375
42,58,0.9102392266268375
3,59,0.7213475204444817
22,59,0.7213475204444817
47,59,0.7213475204444817
3,60,1.4426950408889634
22,61,1.4426950408889634
3,62,0.9102392266268375
30,62,0.9102392266268375
30,63,1.4426950408889634
3,64,0.5138983423697507
7,64,0.5138983423697507
10,64,0.5138983423697507
27,64,0.5138983423697507
39,64,0.5138983423697507
48,64,0.5138983423697507
7,65,1.4426950408889634
10,66,1.4426950408889634
7,67,0.9102392266268375
39,67,0.9102392266268375
10,68,0.9102392266268375
48,68,0.9102392266268375
48,69,1.4426950408889634
4,70,0.5581106265512472
7,70,0.5581106265512472
25,70,0.5581106265512472
35,70,0.5581106265512472
49,70,0.5581106265512472
4,71,0.9102392266268375
22,71,0.9102392266268375
10,72,0.9102392266268375
20,72,0.9102392266268375
20,73,1.4426950408889634
7,74,0.5138983423697507
11,74,0.5138983423697507
20,74,0.5138983423697507
24,74,0.5138983423697507
28,74,0.5138983423697507
39,74,0.5138983423697507
11,75,0.9102392266268375
24,75,0.9102392266268375
11,76,1.4426950408889634
24,77,1.4426950408889634
8,78,0.7213475204444817
38,78,0.7213475204444817
42,78,0.7213475204444817
11,79,0.7213475204444817
24,79,0.7213475204444817
30,79,0.7213475204444817
11,80,0.9102392266268375
30,80,0.9102392266268375
11,81,0.5581106265512472
25,81,0.5581106265512472
29,81,0.5581106265512472
30,81,0.5581106265512472
46,81,0.5581106265512472
14,82,1.4426950408889634
14,83,0.9102392266268375
35,83,0.9102392266268375
27,84,0.9102392266268375
28,84,0.9102392266268375
33,85,0.9102392266268375
36,85,0.9102392266268375
0,86,0.25433477814404226
1,86,0.25433477814404226
2,86,0.25433477814404226
3,86,0.25433477814404226
4,86,0.25433477814404226
5,86,0.25433477814404226
6,86,0.25433477814404226
7,86,0.25433477814404226
8,86,0.25433477814404226
9,86,0.25433477814404226
10,86,0.25433477814404226
11,86,0.25433477814404226
12,86,0.25433477814404226
13,86,0.25433477814404226
14,86,0.25433477814404226
15,86,0.25433477814404226
16,86,0.25433477814404226
17,86,0.25433477814404226
18,86,0.25433477814404226
19,86,0.25433477814404226
20,86,0.25433477814404226
21,86,0.25433477814404226
22,86,0.25433477814404226
23,86,0.25433477814404226
24,86,0.25433477814404226
25,86,0.25433477814404226
26,86,0.25433477814404226
27,86,0.25433477814404226
28,86,0.25433477814404226
29,86,0.25433477814404226
30,86,0.25433477814404226
31,86,0.25433477814404226
32,86,0.25433477814404226
33,86,0.25433477814404226
34,86,0.25433477814404226
35,86,0.25433477814404226
36,86,0.25433477814404226
37,86,0.25433477814404226
38,86,0.25433477814404226
39,86,0.25433477814404226
40,86,0.25433477814404226
41,86,0.25433477814404226
42,86,0.25433477814404226
43,86,0.25433477814404226
44,86,0.25433477814404226
45,86,0.25433477814404226
46,86,0.25433477814404226
47,86,0.25433477814404226
48,86,0.25433477814404226
49,86,0.25433477814404226
1,87,0.6213349345596119
9,87,0.6213349345596119
34,87,0.6213349345596119
37,87,0.6213349345596119
9,88,0.7213475204444817
34,88,0.7213475204444817
37,88,0.7213475204444817
1,89,0.5138983423697507
12,89,0.5138983423697507
13,89,0.5138983423697507
25,89,0.5138983423697507
38,89,0.5138983423697507
45,89,0.5138983423697507
12,90,0.9102392266268375
13,90,0.9102392266268375
13,91,1.4426950408889634
2,92,0.48089834696298783
16,92,0.48089834696298783
36,92,0.48089834696298783
38,92,0.48089834696298783
40,92,0.48089834696298783
41,92,0.48089834696298783
42,92,0.48089834696298783
16,93,1.4426950408889634
40,94,0.9102392266268375
41,94,0.9102392266268375
41,95,1.4426950408889634
3,96,0.6213349345596119
6,96,0.6213349345596119
22,96,0.6213349345596119
47,96,0.6213349345596119
3,97,0.5581106265512472
9,97,0.5581106265512472
30,97,0.5581106265512472
34,97,0.5581106265512472
37,97,0.5581106265512472
3,98,0.6213349345596119
9,98,0.6213349345596119
34,98,0.6213349345596119
37,98,0.6213349345596119
3,99,0.36926937306885504
7,99,0.36926937306885504
9,99,0.36926937306885504
10,99,0.36926937306885504
15,99,0.36926937306885504
19,99,0.36926937306885504
21,99,0.36926937306885504
27,99,0.36926937306885504
31,99,0.36926937306885504
32,99,0.36926937306885504
34,99,0.36926937306885504
37,99,0.36926937306885504
39,99,0.36926937306885504
48,99,0.36926937306885504
10,100,0.9102392266268375
31,100,0.9102392266268375
31,101,1.4426950408889634
15,102,0.7213475204444817
21,102,0.7213475204444817
31,102,0.7213475204444817
15,103,1.4426950408889634
7,104,0.7213475204444817
31,104,0.7213475204444817
39,104,0.7213475204444817
9,105,0.6213349345596119
32,105,0.6213349345596119
34,105,0.6213349345596119
37,105,0.6213349345596119
32,106,1.4426950408889634
10,107,0.7213475204444817
21,107,0.7213475204444817
48,107,0.7213475204444817
27,108,0.9102392266268375
32,108,0.9102392266268375
4,109,0.45511961331341866
7,109,0.45511961331341866
25,109,0.45511961331341866
26,109,0.45511961331341866
35,109,0.45511961331341866
40,109,0.45511961331341866
43,109,0.45511961331341866
49,109,0.45511961331341866
26,110,1.4426950408889634
7,111,0.9102392266268375
26,111,0.9102392266268375
25,112,0.7213475204444817
26,112,0.7213475204444817
43,112,0.7213475204444817
5,113,0.5581106265512472
10,113,0.5581106265512472
16,113,0.5581106265512472
20,113,0.5581106265512472
31,113,0.5581106265512472
5,114,0.9102392266268375
16,114,0.9102392266268375
5,115,1.4426950408889634
5,116,0.9102392266268375
20,116,0.9102392266268375
5,117,0.7213475204444817
16,117,0.7213475204444817
31,117,0.7213475204444817
20,118,0.9102392266268375
31,118,0.9102392266268375
5,119,0.6213349345596119
18,119,0.6213349345596119
20,119,0.6213349345596119
23,119,0.6213349345596119
18,120,1.4426950408889634
5,121,0.48089834696298783
15,121,0.48089834696298783
16,121,0.48089834696298783
21,121,0.48089834696298783
26,121,0.48089834696298783
31,121,0.48089834696298783
44,121,0.48089834696298783
26,122,0.9102392266268375
31,122,0.9102392266268375
6,123,0.43429448190325176
7,123,0.43429448190325176
11,123,0.43429448190325176
20,123,0.43429448190325176
24,123,0.43429448190325176
26,123,0.43429448190325176
28,123,0.43429448190325176
31,123,0.43429448190325176
39,123,0.43429448190325176
11,124,0.9102392266268375
26,124,0.9102392266268375
6,125,0.48089834696298783
17,125,0.48089834696298783
18,125,0.48089834696298783
19,125,0.48089834696298783
40,125,0.48089834696298783
41,125,0.48089834696298783
45,125,0.48089834696298783
18,126,0.9102392266268375
19,126,0.9102392266268375
9,127,0.5138983423697507
12,127,0.5138983423697507
13,127,0.5138983423697507
32,127,0.5138983423697507
34,127,0.5138983423697507
37,127,0.5138983423697507
11,128,0.5581106265512472
12,128,0.5581106265512472
24,128,0.5581106265512472
30,128,0.5581106265512472
45,128,0.5581106265512472
11,129,0.48089834696298783
25,129,0.48089834696298783
26,129,0.48089834696298783
29,129,0.48089834696298783
30,129,0.48089834696298783
43,129,0.48089834696298783
46,129,0.48089834696298783
15,130,0.9102392266268375
18,130,0.9102392266268375
18,131,0.6213349345596119
19,131,0.6213349345596119
44,131,0.6213349345596119
46,131,0.6213349345596119
23,132,0.9102392266268375
49,132,0.9102392266268375
24,133,0.9102392266268375
44,133,0.9102392266268375
27,134,0.7213475204444817
28,134,0.7213475204444817
32,134,0.7213475204444817
1,135,0.5138983423697507
9,135,0.5138983423697507
34,135,0.5138983423697507
37,135,0.5138983423697507
57,135,0.5138983423697507
106,135,0.5138983423697507
57,136,1.4426950408889634
106,137,1.4426950408889634
1,138,0.30341307554227914
12,138,0.30341307554227914
13,138,0.30341307554227914
25,138,0.30341307554227914
38,138,0.30341307554227914
45,138,0.30341307554227914
61,138,0.30341307554227914
66,138,0.30341307554227914
75,138,0.30341307554227914
77,138,0.30341307554227914
84,138,0.30341307554227914
88,138,0.30341307554227914
91,138,0.30341307554227914
95,138,0.30341307554227914
102,138,0.30341307554227914
104,138,0.30341307554227914
105,138,0.30341307554227914
112,138,0.30341307554227914
116,138,0.30341307554227914
127,138,0.30341307554227914
129,138,0.30341307554227914
135,138,0.30341307554227914
138,138,0.30341307554227914
145,138,0.30341307554227914
147,138,0.30341307554227914
149,138,0.30341307554227914
84,139,1.4426950408889634
95,140,1.4426950408889634
75,141,0.9102392266268375
91,141,0.9102392266268375
91,142,1.4426950408889634
75,143,1.4426950408889634
61,144,0.45511961331341866
66,144,0.45511961331341866
75,144,0.45511961331341866
77,144,0.45511961331341866
84,144,0.45511961331341866
88,144,0.45511961331341866
91,144,0.45511961331341866
95,144,0.45511961331341866
66,145,0.9102392266268375
84,145,0.9102392266268375
66,146,1.4426950408889634
61,147,0.7213475204444817
66,147,0.7213475204444817
84,147,0.7213475204444817
61,148,1.4426950408889634
88,149,1.4426950408889634
61,150,0.9102392266268375
95,150,0.9102392266268375
66,151,0.9102392266268375
88,151,0.9102392266268375
77,152,1.4426950408889634
127,153,1.4426950408889634
104,154,0.7213475204444817
116,154,0.7213475204444817
147,154,0.7213475204444817
116,155,1.4426950408889634
104,156,1.4426950408889634
147,157,1.4426950408889634
129,158,1.4426950408889634
61,159,0.9102392266268375
149,159,0.9102392266268375
149,160,1.4426950408889634
138,161,1.4426950408889634
91,162,0.9102392266268375
127,162,0.9102392266268375
77,163,0.9102392266268375
145,163,0.9102392266268375
145,164,1.4426950408889634
116,165,0.6213349345596119
127,165,0.6213349345596119
138,165,0.6213349345596119
149,165,0.6213349345596119
112,166,1.4426950408889634
102,167,0.3898712452512801
104,167,0.3898712452512801
105,167,0.3898712452512801
112,167,0.3898712452512801
116,167,0.3898712452512801
127,167,0.3898712452512801
129,167,0.3898712452512801
135,167,0.3898712452512801
138,167,0.3898712452512801
145,167,0.3898712452512801
147,167,0.3898712452512801
149,167,0.3898712452512801
102,168,1.4426950408889634
102,169,0.7213475204444817
105,169,0.7213475204444817
112,169,0.7213475204444817
105,170,1.4426950408889634
104,171,0.9102392266268375
129,171,0.9102392266268375
135,172,1.4426950408889634
112,173,0.9102392266268375
116,173,0.9102392266268375
135,174,0.9102392266268375
145,174,0.9102392266268375
145,175,0.9102392266268375
147,175,0.9102392266268375
2,176,0.37892318168995115
29,176,0.37892318168995115
35,176,0.37892318168995115
42,176,0.37892318168995115
47,176,0.37892318168995115
50,176,0.37892318168995115
51,176,0.37892318168995115
70,176,0.37892318168995115
110,176,0.37892318168995115
115,176,0.37892318168995115
120,176,0.37892318168995115
125,176,0.37892318168995115
143,176,0.37892318168995115
50,177,1.4426950408889634
50,178,0.7213475204444817
51,178,0.7213475204444817
70,178,0.7213475204444817
51,179,1.4426950408889634
70,180,1.4426950408889634
51,181,0.9102392266268375
115,181,0.9102392266268375
115,182,1.4426950408889634
120,183,1.4426950408889634
110,184,1.4426950408889634
70,185,0.9102392266268375
125,185,0.9102392266268375
125,186,1.4426950408889634
143,187,1.4426950408889634
110,188,0.5581106265512472
115,188,0.5581106265512472
120,188,0.5581106265512472
125,188,0.5581106265512472
143,188,0.5581106265512472
115,189,0.7213475204444817
120,189,0.7213475204444817
143,189,0.7213475204444817
3,190,0.3898712452512801
9,190,0.3898712452512801
30,190,0.3898712452512801
34,190,0.3898712452512801
37,190,0.3898712452512801
52,190,0.3898712452512801
65,190,0.3898712452512801
86,190,0.3898712452512801
137,190,0.3898712452512801
139,190,0.3898712452512801
140,190,0.3898712452512801
141,190,0.3898712452512801
86,191,1.4426950408889634
65,192,1.4426950408889634
52,193,0.7213475204444817
65,193,0.7213475204444817
86,193,0.7213475204444817
52,194,0.9102392266268375
86,194,0.9102392266268375
52,195,1.4426950408889634
65,196,0.9102392266268375
86,196,0.9102392266268375
137,197,1.4426950408889634
52,198,0.7213475204444817
139,198,0.7213475204444817
141,198,0.7213475204444817
141,199,1.4426950408889634
139,200,0.9102392266268375
141,200,0.9102392266268375
139,201,1.4426950408889634
65,202,0.7213475204444817
86,202,0.7213475204444817
140,202,0.7213475204444817
140,203,1.4426950408889634
137,204,0.6213349345596119
139,204,0.6213349345596119
140,204,0.6213349345596119
141,204,0.6213349345596119
4,205,0.4170323914242463
7,205,0.4170323914242463
25,205,0.4170323914242463
26,205,0.4170323914242463
35,205,0.4170323914242463
40,205,0.4170323914242463
43,205,0.4170323914242463
49,205,0.4170323914242463
60,205,0.4170323914242463
93,205,0.4170323914242463
93,206,1.4426950408889634
60,207,0.9102392266268375
93,207,0.9102392266268375
60,208,1.4426950408889634
4,209,0.7213475204444817
22,209,0.7213475204444817
109,209,0.7213475204444817
109,210,1.4426950408889634
5,211,0.5138983423697507
10,211,0.5138983423697507
16,211,0.5138983423697507
20,211,0.5138983423697507
31,211,0.5138983423697507
84,211,0.5138983423697507
6,212,0.3898712452512801
7,212,0.3898712452512801
11,212,0.3898712452512801
20,212,0.3898712452512801
24,212,0.3898712452512801
26,212,0.3898712452512801
28,212,0.3898712452512801
31,212,0.3898712452512801
39,212,0.3898712452512801
85,212,0.3898712452512801
136,212,0.3898712452512801
148,212,0.3898712452512801
85,213,1.4426950408889634
136,214,1.4426950408889634
148,215,1.4426950408889634
136,216,0.9102392266268375
148,216,0.9102392266268375
8,217,0.4170323914242463
58,217,0.4170323914242463
63,217,0.4170323914242463
64,217,0.4170323914242463
74,217,0.4170323914242463
78,217,0.4170323914242463
96,217,0.4170323914242463
97,217,0.4170323914242463
103,217,0.4170323914242463
107,217,0.4170323914242463
96,218,1.4426950408889634
63,219,1.4426950408889634
58,220,0.48089834696298783
63,220,0.48089834696298783
64,220,0.48089834696298783
74,220,0.48089834696298783
78,220,0.48089834696298783
96,220,0.48089834696298783
97,220,0.48089834696298783
74,221,1.4426950408889634
78,222,1.4426950408889634
58,223,0.5581106265512472
64,223,0.5581106265512472
74,223,0.5581106265512472
96,223,0.5581106265512472
97,223,0.5581106265512472
58,224,1.4426950408889634
64,225,1.4426950408889634
97,226,1.4426950408889634
74,227,0.9102392266268375
97,227,0.9102392266268375
103,228,1.4426950408889634
103,229,0.9102392266268375
107,229,0.9102392266268375
107,230,1.4426950408889634
14,231,0.48089834696298783
67,231,0.48089834696298783
82,231,0.48089834696298783
92,231,0.48089834696298783
101,231,0.48089834696298783
114,231,0.48089834696298783
142,231,0.48089834696298783
67,232,0.7213475204444817
82,232,0.7213475204444817
92,232,0.7213475204444817
92,233,1.4426950408889634
67,234,1.4426950408889634
67,235,0.9102392266268375
82,235,0.9102392266268375
82,236,1.4426950408889634
82,237,0.9102392266268375
92,237,0.9102392266268375
114,238,1.4426950408889634
67,239,0.6213349345596119
82,239,0.6213349345596119
101,239,0.6213349345596119
142,239,0.6213349345596119
101,240,0.9102392266268375
142,240,0.9102392266268375
101,241,0.7213475204444817
114,241,0.7213475204444817
142,241,0.7213475204444817
15,242,0.45511961331341866
18,242,0.45511961331341866
55,242,0.45511961331341866
79,242,0.45511961331341866
95,242,0.45511961331341866
96,242,0.45511961331341866
99,242,0.45511961331341866
113,242,0.45511961331341866
55,243,0.5581106265512472
79,243,0.5581106265512472
95,243,0.5581106265512472
96,243,0.5581106265512472
99,243,0.5581106265512472
55,244,1.4426950408889634
55,245,0.7213475204444817
96,245,0.7213475204444817
99,245,0.7213475204444817
55,246,0.9102392266268375
99,246,0.9102392266268375
99,247,1.4426950408889634
79,248,1.4426950408889634
95,249,0.9102392266268375
96,249,0.9102392266268375
113,250,1.4426950408889634
18,251,0.5138983423697507
19,251,0.5138983423697507
44,251,0.5138983423697507
46,251,0.5138983423697507
117,251,0.5138983423697507
131,251,0.5138983423697507
117,252,0.9102392266268375
131,252,0.9102392266268375
117,253,1.4426950408889634
131,254,1.4426950408889634
23,255,0.5138983423697507
49,255,0.5138983423697507
56,255,0.5138983423697507
100,255,0.5138983423697507
124,255,0.5138983423697507
144,255,0.5138983423697507
56,256,1.4426950408889634
56,257,0.9102392266268375
100,257,0.9102392266268375
100,258,1.4426950408889634
124,259,0.9102392266268375
144,259,0.9102392266268375
144,260,1.4426950408889634
124,261,1.4426950408889634
100,262,0.9102392266268375
144,262,0.9102392266268375
100,263,0.7213475204444817
124,263,0.7213475204444817
144,263,0.7213475204444817
27,264,0.6213349345596119
28,264,0.6213349345596119
32,264,0.6213349345596119
59,264,0.6213349345596119
59,265,1.4426950408889634
33,266,0.48089834696298783
36,266,0.48089834696298783
53,266,0.48089834696298783
80,266,0.48089834696298783
81,266,0.48089834696298783
89,266,0.48089834696298783
90,266,0.48089834696298783
53,267,1.4426950408889634
53,268,0.5581106265512472
80,268,0.5581106265512472
81,268,0.5581106265512472
89,268,0.5581106265512472
90,268,0.5581106265512472
53,269,0.9102392266268375
89,269,0.9102392266268375
89,270,1.4426950408889634
80,271,0.9102392266268375
81,271,0.9102392266268375
81,272,1.4426950408889634
80,273,1.4426950408889634
90,274,1.4426950408889634
41,275,0.6213349345596119
53,275,0.6213349345596119
87,275,0.6213349345596119
93,275,0.6213349345596119
53,276,0.7213475204444817
87,276,0.7213475204444817
93,276,0.7213475204444817
53,277,0.9102392266268375
87,277,0.9102392266268375
87,278,1.4426950408889634
50,279,0.5581106265512472
56,279,0.5581106265512472
63,279,0.5581106265512472
73,279,0.5581106265512472
86,279,0.5581106265512472
50,280,0.9102392266268375
63,280,0.9102392266268375
73,281,1.4426950408889634
63,282,0.9102392266268375
73,282,0.9102392266268375
50,283,0.45511961331341866
59,283,0.45511961331341866
63,283,0.45511961331341866
65,283,0.45511961331341866
75,283,0.45511961331341866
76,283,0.45511961331341866
91,283,0.45511961331341866
134,283,0.45511961331341866
50,284,0.48089834696298783
59,284,0.48089834696298783
63,284,0.48089834696298783
65,284,0.48089834696298783
75,284,0.48089834696298783
76,284,0.48089834696298783
91,284,0.48089834696298783
76,285,1.4426950408889634
63,286,0.9102392266268375
91,286,0.9102392266268375
65,287,0.9102392266268375
75,287,0.9102392266268375
63,288,0.7213475204444817
91,288,0.7213475204444817
134,288,0.7213475204444817
134,289,1.4426950408889634
50,290,0.25433477814404226
51,290,0.25433477814404226
52,290,0.25433477814404226
53,290,0.25433477814404226
54,290,0.25433477814404226
55,290,0.25433477814404226
56,290,0.25433477814404226
57,290,0.25433477814404226
58,290,0.25433477814404226
59,290,0.25433477814404226
60,290,0.25433477814404226
61,290,0.25433477814404226
62,290,0.25433477814404226
63,290,0.25433477814404226
64,290,0.25433477814404226
65,290,0.25433477814404226
66,290,0.25433477814404226
67,290,0.25433477814404226
68,290,0.25433477814404226
69,290,0.25433477814404226
70,290,0.25433477814404226
71,290,0.25433477814404226
72,290,0.25433477814404226
73,290,0.25433477814404226
74,290,0.25433477814404226
75,290,0.25433477814404226
76,290,0.25433477814404226
77,290,0.25433477814404226
78,290,0.25433477814404226
79,290,0.25433477814404226
80,290,0.25433477814404226
81,290,0.25433477814404226
82,290,0.25433477814404226
83,290,0.25433477814404226
84,290,0.25433477814404226
85,290,0.25433477814404226
86,290,0.25433477814404226
87,290,0.25433477814404226
88,290,0.25433477814404226
89,290,0.25433477814404226
90,290,0.25433477814404226
91,290,0.25433477814404226
92,290,0.25433477814404226
93,290,0.25433477814404226
94,290,0.25433477814404226
95,290,0.25433477814404226
96,290,0.25433477814404226
97,290,0.25433477814404226
98,290,0.25433477814404226
99,290,0.25433477814404226
51,291,0.9102392266268375
74,291,0.9102392266268375
51,292,0.48089834696298783
55,292,0.48089834696298783
66,292,0.48089834696298783
68,292,0.48089834696298783
78,292,0.48089834696298783
84,292,0.48089834696298783
85,292,0.48089834696298783
51,293,0.5581106265512472
66,293,0.5581106265512472
68,293,0.5581106265512472
78,293,0.5581106265512472
84,293,0.5581106265512472
68,294,1.4426950408889634
78,295,0.9102392266268375
85,295,0.9102392266268375
51,296,0.4170323914242463
52,296,0.4170323914242463
54,296,0.4170323914242463
61,296,0.4170323914242463
66,296,0.4170323914242463
68,296,0.4170323914242463
72,296,0.4170323914242463
78,296,0.4170323914242463
84,296,0.4170323914242463
86,296,0.4170323914242463
52,297,0.9102392266268375
72,297,0.9102392266268375
72,298,1.4426950408889634
54,299,1.4426950408889634
53,300,0.5581106265512472
62,300,0.5581106265512472
71,300,0.5581106265512472
89,300,0.5581106265512472
92,300,0.5581106265512472
53,301,0.7213475204444817
71,301,0.7213475204444817
89,301,0.7213475204444817
71,302,1.4426950408889634
62,303,1.4426950408889634
53,304,0.37892318168995115
55,304,0.37892318168995115
58,304,0.37892318168995115
64,304,0.37892318168995115
71,304,0.37892318168995115
74,304,0.37892318168995115
87,304,0.37892318168995115
88,304,0.37892318168995115
89,304,0.37892318168995115
94,304,0.37892318168995115
96,304,0.37892318168995115
97,304,0.37892318168995115
99,304,0.37892318168995115
55,305,0.7213475204444817
71,305,0.7213475204444817
99,305,0.7213475204444817
94,306,1.4426950408889634
94,307,0.9102392266268375
96,307,0.9102392266268375
64,308,0.7213475204444817
88,308,0.7213475204444817
94,308,0.7213475204444817
88,309,0.9102392266268375
99,309,0.9102392266268375
54,310,0.5138983423697507
55,310,0.5138983423697507
71,310,0.5138983423697507
73,310,0.5138983423697507
76,310,0.5138983423697507
99,310,0.5138983423697507
71,311,0.9102392266268375
73,311,0.9102392266268375
54,312,0.7213475204444817
58,312,0.7213475204444817
91,312,0.7213475204444817
56,313,0.7213475204444817
72,313,0.7213475204444817
87,313,0.7213475204444817
56,314,0.7213475204444817
83,314,0.7213475204444817
85,314,0.7213475204444817
83,315,1.4426950408889634
83,316,0.9102392266268375
85,316,0.9102392266268375
57,317,0.7213475204444817
80,317,0.7213475204444817
81,317,0.7213475204444817
57,318,0.9102392266268375
81,318,0.9102392266268375
57,319,0.9102392266268375
93,319,0.9102392266268375
57,320,0.48089834696298783
60,320,0.48089834696298783
62,320,0.48089834696298783
67,320,0.48089834696298783
79,320,0.48089834696298783
81,320,0.48089834696298783
93,320,0.48089834696298783
60,321,0.9102392266268375
79,321,0.9102392266268375
58,322,0.9102392266268375
75,322,0.9102392266268375
59,323,0.5581106265512472
67,323,0.5581106265512472
82,323,0.5581106265512472
83,323,0.5581106265512472
94,323,0.5581106265512472
59,324,0.9102392266268375
82,324,0.9102392266268375
59,325,0.7213475204444817
69,325,0.7213475204444817
82,325,0.7213475204444817
69,326,1.4426950408889634
61,327,0.9102392266268375
70,327,0.9102392266268375
61,328,0.6213349345596119
94,328,0.6213349345596119
95,328,0.6213349345596119
96,328,0.6213349345596119
62,329,0.6213349345596119
78,329,0.6213349345596119
83,329,0.6213349345596119
85,329,0.6213349345596119
62,330,0.9102392266268375
68,330,0.9102392266268375
63,331,0.6213349345596119
71,331,0.6213349345596119
73,331,0.6213349345596119
91,331,0.6213349345596119
64,332,0.5581106265512472
66,332,0.5581106265512472
69,332,0.5581106265512472
88,332,0.5581106265512472
94,332,0.5581106265512472
65,333,0.7213475204444817
77,333,0.7213475204444817
86,333,0.7213475204444817
65,334,0.6213349345596119
75,334,0.6213349345596119
87,334,0.6213349345596119
90,334,0.6213349345596119
67,335,0.7213475204444817
88,335,0.7213475204444817
99,335,0.7213475204444817
68,336,0.9102392266268375
97,336,0.9102392266268375
69,337,0.6213349345596119
72,337,0.6213349345596119
89,337,0.6213349345596119
98,337,0.6213349345596119
69,338,0.9102392266268375
98,338,0.9102392266268375
69,339,0.7213475204444817
80,339,0.7213475204444817
98,339,0.7213475204444817
70,340,0.9102392266268375
76,340,0.9102392266268375
73,341,0.5581106265512472
82,341,0.5581106265512472
90,341,0.5581106265512472
92,341,0.5581106265512472
95,341,0.5581106265512472
90,342,0.9102392266268375
92,342,0.9102392266268375
79,343,0.7213475204444817
90,343,0.7213475204444817
92,343,0.7213475204444817
51,344,0.48089834696298783
74,344,0.48089834696298783
111,344,0.48089834696298783
115,344,0.48089834696298783
128,344,0.48089834696298783
132,344,0.48089834696298783
137,344,0.48089834696298783
128,345,0.9102392266268375
132,345,0.9102392266268375
128,346,1.4426950408889634
132,347,1.4426950408889634
111,348,1.4426950408889634
111,349,0.5581106265512472
115,349,0.5581106265512472
128,349,0.5581106265512472
132,349,0.5581106265512472
137,349,0.5581106265512472
111,350,0.9102392266268375
115,350,0.9102392266268375
51,351,0.45511961331341866
55,351,0.45511961331341866
66,351,0.45511961331341866
68,351,0.45511961331341866
78,351,0.45511961331341866
84,351,0.45511961331341866
85,351,0.45511961331341866
106,351,0.45511961331341866
51,352,0.3898712452512801
52,352,0.3898712452512801
54,352,0.3898712452512801
61,352,0.3898712452512801
66,352,0.3898712452512801
68,352,0.3898712452512801
72,352,0.3898712452512801
78,352,0.3898712452512801
84,352,0.3898712452512801
86,352,0.3898712452512801
119,352,0.3898712452512801
133,352,0.3898712452512801
54,353,0.9102392266268375
133,353,0.9102392266268375
133,354,1.4426950408889634
72,355,0.9102392266268375
133,355,0.9102392266268375
78,356,0.9102392266268375
119,356,0.9102392266268375
119,357,1.4426950408889634
68,358,0.9102392266268375
119,358,0.9102392266268375
119,359,0.9102392266268375
133,359,0.9102392266268375
52,360,0.6213349345596119
120,360,0.6213349345596119
139,360,0.6213349345596119
141,360,0.6213349345596119
120,361,0.7213475204444817
139,361,0.7213475204444817
141,361,0.7213475204444817
120,362,0.9102392266268375
141,362,0.9102392266268375
52,363,0.5581106265512472
72,363,0.5581106265512472
121,363,0.5581106265512472
123,363,0.5581106265512472
127,363,0.5581106265512472
121,364,1.4426950408889634
72,365,0.9102392266268375
123,365,0.9102392266268375
123,366,1.4426950408889634
123,367,0.9102392266268375
127,367,0.9102392266268375
121,368,0.7213475204444817
123,368,0.7213475204444817
127,368,0.7213475204444817
54,369,0.5581106265512472
104,369,0.5581106265512472
110,369,0.5581106265512472
116,369,0.5581106265512472
147,369,0.5581106265512472
104,370,0.6213349345596119
110,370,0.6213349345596119
116,370,0.6213349345596119
147,370,0.6213349345596119
110,371,0.9102392266268375
147,371,0.9102392266268375
54,372,0.36926937306885504
55,372,0.36926937306885504
71,372,0.36926937306885504
73,372,0.36926937306885504
76,372,0.36926937306885504
99,372,0.36926937306885504
114,372,0.36926937306885504
121,372,0.36926937306885504
122,372,0.36926937306885504
126,372,0.36926937306885504
128,372,0.36926937306885504
130,372,0.36926937306885504
132,372,0.36926937306885504
133,372,0.36926937306885504
126,373,1.4426950408889634
76,374,0.9102392266268375
126,374,0.9102392266268375
114,375,0.9102392266268375
133,375,0.9102392266268375
114,376,0.45511961331341866
121,376,0.45511961331341866
122,376,0.45511961331341866
126,376,0.45511961331341866
128,376,0.45511961331341866
130,376,0.45511961331341866
132,376,0.45511961331341866
133,376,0.45511961331341866
130,377,1.4426950408889634
121,378,0.9102392266268375
122,378,0.9102392266268375
122,379,1.4426950408889634
56,380,0.43429448190325176
72,380,0.43429448190325176
87,380,0.43429448190325176
100,380,0.43429448190325176
103,380,0.43429448190325176
123,380,0.43429448190325176
133,380,0.43429448190325176
136,380,0.43429448190325176
146,380,0.43429448190325176
72,381,0.9102392266268375
146,381,0.9102392266268375
146,382,1.4426950408889634
103,383,0.9102392266268375
123,383,0.9102392266268375
100,384,0.5138983423697507
103,384,0.5138983423697507
123,384,0.5138983423697507
133,384,0.5138983423697507
136,384,0.5138983423697507
146,384,0.5138983423697507
103,385,0.9102392266268375
136,385,0.9102392266268375
56,386,0.6213349345596119
83,386,0.6213349345596119
85,386,0.6213349345596119
129,386,0.6213349345596119
59,387,0.43429448190325176
67,387,0.43429448190325176
82,387,0.43429448190325176
83,387,0.43429448190325176
94,387,0.43429448190325176
101,387,0.43429448190325176
111,387,0.43429448190325176
123,387,0.43429448190325176
142,387,0.43429448190325176
83,388,0.7213475204444817
101,388,0.7213475204444817
142,388,0.7213475204444817
101,389,0.6213349345596119
111,389,0.6213349345596119
123,389,0.6213349345596119
142,389,0.6213349345596119
101,390,0.7213475204444817
111,390,0.7213475204444817
142,390,0.7213475204444817
61,391,0.7213475204444817
70,391,0.7213475204444817
149,391,0.7213475204444817
70,392,0.9102392266268375
149,392,0.9102392266268375
62,393,0.5138983423697507
78,393,0.5138983423697507
83,393,0.5138983423697507
85,393,0.5138983423697507
119,393,0.5138983423697507
138,393,0.5138983423697507
62,394,0.9102392266268375
119,394,0.9102392266268375
119,395,0.9102392266268375
138,395,0.9102392266268375
62,396,0.7213475204444817
68,396,0.7213475204444817
119,396,0.7213475204444817
63,397,0.5138983423697507
71,397,0.5138983423697507
73,397,0.5138983423697507
91,397,0.5138983423697507
127,397,0.5138983423697507
134,397,0.5138983423697507
127,398,0.9102392266268375
134,398,0.9102392266268375
64,399,0.5138983423697507
66,399,0.5138983423697507
69,399,0.5138983423697507
88,399,0.5138983423697507
94,399,0.5138983423697507
121,399,0.5138983423697507
65,400,0.45511961331341866
77,400,0.45511961331341866
86,400,0.45511961331341866
108,400,0.45511961331341866
124,400,0.45511961331341866
140,400,0.45511961331341866
144,400,0.45511961331341866
145,400,0.45511961331341866
108,401,1.4426950408889634
108,402,0.5581106265512472
124,402,0.5581106265512472
140,402,0.5581106265512472
144,402,0.5581106265512472
145,402,0.5581106265512472
68,403,0.6213349345596119
97,403,0.6213349345596119
126,403,0.6213349345596119
148,403,0.6213349345596119
126,404,0.9102392266268375
148,404,0.9102392266268375
69,405,0.45511961331341866
72,405,0.45511961331341866
89,405,0.45511961331341866
98,405,0.45511961331341866
106,405,0.45511961331341866
108,405,0.45511961331341866
113,405,0.45511961331341866
146,405,0.45511961331341866
113,406,0.9102392266268375
146,406,0.9102392266268375
106,407,0.6213349345596119
108,407,0.6213349345596119
113,407,0.6213349345596119
146,407,0.6213349345596119
70,408,0.6213349345596119
76,408,0.6213349345596119
126,408,0.6213349345596119
138,408,0.6213349345596119
70,409,0.7213475204444817
126,409,0.7213475204444817
138,409,0.7213475204444817
126,410,0.9102392266268375
138,410,0.9102392266268375
70,411,0.3898712452512801
103,411,0.3898712452512801
107,411,0.3898712452512801
108,411,0.3898712452512801
116,411,0.3898712452512801
123,411,0.3898712452512801
125,411,0.3898712452512801
126,411,0.3898712452512801
127,411,0.3898712452512801
137,411,0.3898712452512801
138,411,0.3898712452512801
149,411,0.3898712452512801
103,412,0.40242960438184466
107,412,0.40242960438184466
108,412,0.40242960438184466
116,412,0.40242960438184466
123,412,0.40242960438184466
125,412,0.40242960438184466
126,412,0.40242960438184466
127,412,0.40242960438184466
137,412,0.40242960438184466
138,412,0.40242960438184466
149,412,0.40242960438184466
116,413,0.9102392266268375
137,413,0.9102392266268375
76,414,0.7213475204444817
112,414,0.7213475204444817
143,414,0.7213475204444817
112,415,0.9102392266268375
143,415,0.9102392266268375
77,416,0.6213349345596119
113,416,0.6213349345596119
119,416,0.6213349345596119
146,416,0.6213349345596119
113,417,0.7213475204444817
119,417,0.7213475204444817
146,417,0.7213475204444817
77,418,0.9102392266268375
106,418,0.9102392266268375
79,419,0.5581106265512472
90,419,0.5581106265512472
92,419,0.5581106265512472
118,419,0.5581106265512472
134,419,0.5581106265512472
118,420,0.9102392266268375
134,420,0.9102392266268375
118,421,1.4426950408889634
83,422,0.45511961331341866
101,422,0.45511961331341866
110,422,0.45511961331341866
114,422,0.45511961331341866
133,422,0.45511961331341866
141,422,0.45511961331341866
142,422,0.45511961331341866
149,422,0.45511961331341866
101,423,0.48089834696298783
110,423,0.48089834696298783
114,423,0.48089834696298783
133,423,0.48089834696298783
141,423,0.48089834696298783
142,423,0.48089834696298783
149,423,0.48089834696298783
100,424,0.9102392266268375
125,424,0.9102392266268375
100,425,0.7213475204444817
109,425,0.7213475204444817
144,425,0.7213475204444817
100,426,0.25433477814404226
101,426,0.25433477814404226
102,426,0.25433477814404226
103,426,0.25433477814404226
104,426,0.25433477814404226
105,426,0.25433477814404226
106,426,0.25433477814404226
107,426,0.25433477814404226
108,426,0.25433477814404226
109,426,0.25433477814404226
110,426,0.25433477814404226
111,426,0.25433477814404226
112,426,0.25433477814404226
113,426,0.25433477814404226
114,426,0.25433477814404226
115,426,0.25433477814404226
116,426,0.25433477814404226
117,426,0.25433477814404226
118,426,0.25433477814404226
119,426,0.25433477814404226
120,426,0.25433477814404226
121,426,0.25433477814404226
122,426,0.25433477814404226
123,426,0.25433477814404226
124,426,0.25433477814404226
125,426,0.25433477814404226
126,426,0.25433477814404226
127,426,0.25433477814404226
128,426,0.25433477814404226
129,426,0.25433477814404226
130,426,0.25433477814404226
131,426,0.25433477814404226
132,426,0.25433477814404226
133,426,0.25433477814404226
134,426,0.25433477814404226
135,426,0.25433477814404226
136,426,0.25433477814404226
137,426,0.25433477814404226
138,426,0.25433477814404226
139,426,0.25433477814404226
140,426,0.25433477814404226
141,426,0.25433477814404226
142,426,0.25433477814404226
143,426,0.25433477814404226
144,426,0.25433477814404226
145,426,0.25433477814404226
146,426,0.25433477814404226
147,426,0.25433477814404226
148,426,0.25433477814404226
149,426,0.25433477814404226
101,427,0.5581106265512472
111,427,0.5581106265512472
130,427,0.5581106265512472
142,427,0.5581106265512472
146,427,0.5581106265512472
102,428,0.9102392266268375
143,428,0.9102392266268375
102,429,0.5138983423697507
105,429,0.5138983423697507
112,429,0.5138983423697507
124,429,0.5138983423697507
128,429,0.5138983423697507
139,429,0.5138983423697507
103,430,0.5138983423697507
128,430,0.5138983423697507
132,430,0.5138983423697507
134,430,0.5138983423697507
136,430,0.5138983423697507
140,430,0.5138983423697507
136,431,0.9102392266268375
140,431,0.9102392266268375
104,432,0.7213475204444817
108,432,0.7213475204444817
129,432,0.7213475204444817
104,433,0.7213475204444817
117,433,0.7213475204444817
132,433,0.7213475204444817
109,434,0.7213475204444817
125,434,0.7213475204444817
129,434,0.7213475204444817
109,435,0.7213475204444817
130,435,0.7213475204444817
135,435,0.7213475204444817
110,436,0.5138983423697507
113,436,0.5138983423697507
121,436,0.5138983423697507
122,436,0.5138983423697507
131,436,0.5138983423697507
147,436,0.5138983423697507
112,437,0.7213475204444817
116,437,0.7213475204444817
137,437,0.7213475204444817
114,438,0.7213475204444817
136,438,0.7213475204444817
140,438,0.7213475204444817
115,439,0.45511961331341866
118,439,0.45511961331341866
120,439,0.45511961331341866
135,439,0.45511961331341866
141,439,0.45511961331341866
143,439,0.45511961331341866
145,439,0.45511961331341866
148,439,0.45511961331341866
118,440,0.9102392266268375
135,440,0.9102392266268375
117,441,0.6213349345596119
118,441,0.6213349345596119
122,441,0.6213349345596119
135,441,0.6213349345596119
117,442,0.9102392266268375
122,442,0.9102392266268375
120,443,0.7213475204444817
124,443,0.7213475204444817
144,443,0.7213475204444817
139,444,0.9102392266268375
148,444,0.9102392266268375
