0.4580653651996984,1.0
0.4498069300022628,0.5960281548572399
0.4239868534186721,0.5507335972918566
0.45961030088345733,0.8774351586302712
0.4530268107273497,0.5343312217431674
0.4212447044643002,0.4424390580093895
0.46127038312202673,0.9096528213671872
0.45498608497796816,0.5641211896433489
0.421462905592575,0.44711545620341775
0.4462586237360041,0.5290228838225116
0.4398141415143486,0.2573004143942664
0.4132087340090077,0.22591861829479437
0.44739278807061283,0.43826795200891294
0.4424796040106177,0.21102204258375806
0.4107078193174169,0.1469766713433142
0.44881395823976783,0.466002221874924
0.44385125438049344,0.2335935580173927
0.4113333662281733,0.1567768016821017
0.44633513854796153,0.521100087875132
0.44026757877422806,0.2546983985021773
0.41256037468575857,0.21634036928428677
0.44732488925335906,0.4373273619775949
0.44241767401572696,0.21040635632105653
0.4106785333829807,0.1465204970328842
0.44887072508304704,0.4579264252783267
0.4442660823456095,0.2306687825629329
0.4106654351789075,0.14749530685701936
0.4581042508167155,0.9759900213654048
0.4501914964637576,0.5833981757716007
0.42332942544235413,0.5304080111792017
0.45855260979342116,0.8483373410260361
0.45143518324436366,0.5112481681583271
0.42082221556575894,0.4241868556866403
0.4603050043115075,0.8560511708340567
0.4538571646701853,0.5280522754459799
0.4202938724193439,0.40818063944662203
0.44613493386462666,0.5047268325514122
0.4401892819763075,0.24447063085887166
0.4122493284173849,0.20537907745917908
0.4451139153517712,0.40894663408301063
0.44036536753811073,0.1877639702116139
0.40918368720769444,0.1285795193403639
0.4464694599322481,0.4121948305405236
0.4421936429974754,0.1973689262127336
0.4087592458532146,0.11770199030497454
0.44611370155790003,0.5041652264636948
0.44018563928213295,0.24428418014778272
0.41221367546376286,0.20482477836593255
0.44805342802879483,0.4376907757199577
0.4424300221708609,0.21069077235164818
0.41154605125436133,0.14675718754399403
0.4493760333192876,0.4408611233149485
0.44420911808238367,0.2201830987122291
0.4111460141505184,0.1358593781283853
0.45861429322229114,0.9771627461621939
0.45097994735011165,0.5878427963644699
0.4230645069495076,0.524722487078241
0.4585569598296908,0.8484407418716585
0.45144210771483056,0.511388706806009
0.42082083021232575,0.4242065087240018
0.4608440385055228,0.8572447495126098
0.45466238851725715,0.5325086515059378
0.42000059938259304,0.4025016072555765
0.44667108387892224,0.5129746613557573
0.44070818640758186,0.2511400251525525
0.4124951214201241,0.2085013298633908
0.4451202001105361,0.40905003492863484
0.4403748480137052,0.1879045088592925
0.40918217504806936,0.12859917237771998
0.4470353061889073,0.42046351322663467
0.4427222444356793,0.20405007597350475
0.4090289936043083,0.12083073461909932
0.4467631588730327,0.5053041830376371
0.4411723228257545,0.24867710956522154
0.4118497274865154,0.19913373945876078
0.448054435001201,0.43773039518338347
0.4424314999574991,0.21074439294516117
0.4115451914659078,0.14676499124828735
0.4500476449501909,0.4420083485019081
0.4452005331028268,0.22458096064387542
0.41076052741877916,0.1301709664848269
0.45861429322229197,0.9771627461621902
0.45097994735011304,0.587842796364464
0.4230645069495074,0.5247224870782407
0.45855695982969125,0.8484407418716537
0.45144210771482934,0.5113887068060118
0.42082083021232547,0.4242065087240021
0.4608440385055239,0.8572447495126057
0.4546623885172576,0.5325086515059375
0.4200005993825929,0.4025016072555768
0.44667108387892307,0.512974661355754
0.4407081864075815,0.25114002515255324
0.4124951214201239,0.20850132986339318
0.44512020011053616,0.4090500349286352
0.44037484801370524,0.18790450885929386
0.40918217504806903,0.1285991723777222
0.44703530618890785,0.42046351322663367
0.4427222444356786,0.20405007597350677
0.4090289936043081,0.12083073461910052
0.4467631588730327,0.5053041830376364
0.44117232282575586,0.2486771095652195
0.4118497274865165,0.19913373945875976
0.4480544350012013,0.4377303951833824
0.44243149995750025,0.21074439294516067
0.41154519146590796,0.14676499124828785
0.4500476449501923,0.442008348501904
0.4452005331028273,0.22458096064387695
0.4107605274187795,0.13017096648482793
0.45684724535776183,0.8913601444633293
0.44899836206040616,0.5071039267716465
0.4221959243384385,0.479426191174626
0.45797279095305343,0.778503370733515
0.45201151779258636,0.4609920024247241
0.41913507596240474,0.3760373316370684
0.4594872779662367,0.8079779924388135
0.4537949872502068,0.48859465484221576
0.41937520180892934,0.38115151401590797
0.44532354485571307,0.45566978378423123
0.4392640616876372,0.19658728753212643
0.4119162505740476,0.17856751369816132
0.44611362098212837,0.3723073778320235
0.4417669058640445,0.16194493038301755
0.4091838222118214,0.1031671980659397
0.447435397528827,0.39793732241156826
0.44298766482283725,0.18241803941777063
0.4098389256986113,0.11294362774695284
0.44534146501658073,0.44819926314365593
0.4397074861858182,0.19497848047424063
0.4112525647085332,0.1694707247515504
0.44604507165937357,0.3713837188999874
0.4417049137989096,0.1613398969054071
0.40915479243679564,0.10271807842530552
0.44742630333590455,0.3903072356676085
0.4433834296973581,0.18047953312411422
0.40915504407799846,0.10414292523580283
0.4568222976466568,0.8691966029208861
0.44937385350658415,0.4974076245234728
0.42147970414839436,0.4599740898271833
0.4569625814053206,0.7516073650963933
0.4504585220355402,0.43899617438772165
0.4187681668594437,0.3594198409374459
0.45849056196145294,0.7584349939040008
0.4526806275543826,0.4565513252837393
0.4181973785331877,0.34474160717697244
0.44512943799912197,0.433233741661353
0.43964215816065566,0.18669627527381566
0.4109015086718781,0.158915486096285
0.44395157076477615,0.34519164522985873
0.43972108590752385,0.13977657732293822
0.40779263867671284,0.08641045070151074
0.44512308784113197,0.34819910184875447
0.4413880175065193,0.15022343090965473
0.4073399071855418,0.0764027423570666
0.44511000730501754,0.4326881642383831
0.4396411103591944,0.1865218191004185
0.410865718147438,0.15836533171695735
0.4467421425574773,0.3717415305818499
0.4417182456106364,0.16162064178797259
0.4099767900529603,0.10294596541965452
0.4478836498868647,0.3746704970889458
0.44333599809678526,0.171952417359548
0.4095466514340005,0.09292510440369475
0.45726322874960507,0.870264604053527
0.4501166404852477,0.5022969393006489
0.4212052071302095,0.4547522279032954
0.4569678387271491,0.7517115833564978
0.4504664714325946,0.43913714251156144
0.41876686187417217,0.3594360830800793
0.45895601243662776,0.7595251478947672
0.45343295593176974,0.4614513322811118
0.417894222911538,0.33953074519087456
0.44563452738484505,0.44094782502565344
0.44011417460021157,0.19283312948959658
0.4111579387012185,0.1620328810115193
0.443958954633003,0.3452958634899634
0.43973174385617975,0.13991754544677423
0.40779120503009625,0.08642669284414348
0.44565640674570994,0.35593533807117883
0.4418663806334134,0.15637097734563488
0.4076212111418803,0.07953113721009368
0.445667028315146,0.43372310072525666
0.4405669157613925,0.19135940801270937
0.41049691276581624,0.15314100399598507
0.44674350786371436,0.3717815782930925
0.4417200988801332,0.16167454757627645
0.40997600762961833,0.10295253724270091
0.44845882978319695,0.37571424010253285
0.4442593980128583,0.17679456973431992
0.4091558121211696,0.08770511828306243
0.45726322874960607,0.8702646040535229
0.4501166404852471,0.5022969393006493
0.42120520713020926,0.4547522279032957
0.4569678387271503,0.7517115833564941
0.45046647143259394,0.43913714251156105
0.41876686187417234,0.3594360830800796
0.45895601243662837,0.7595251478947652
0.4534329559317695,0.46145133228111146
0.41789422291153805,0.33953074519087495
0.44563452738484555,0.4409478250256521
0.4401141746002107,0.19283312948959863
0.4111579387012183,0.16203288101151947
0.44395895463300267,0.34529586348996305
0.4397317438561794,0.13991754544677526
0.40779120503009614,0.08642669284414296
0.4456564067457107,0.3559353380711771
0.44186638063341294,0.1563709773456359
0.40762121114188027,0.07953113721009317
0.44566702831514654,0.4337231007252543
0.44056691576139256,0.19135940801271023
0.41049691276581635,0.15314100399598593
0.4467435078637152,0.3717815782930911
0.44172009888013314,0.1616745475762773
0.4099760076296185,0.10295253724270056
0.44845882978319695,0.3757142401025332
0.44425939801285885,0.17679456973431873
0.4091558121211698,0.08770511828306295
0.45801323846450404,0.8149699288933359
0.45048120389769486,0.4565749617305977
0.4214466166298035,0.4117627279160399
0.45836629957514335,0.7011245528415052
0.45284459038501584,0.40794658302799547
0.4179814956300347,0.31173179552124886
0.4594790802742916,0.7202523084880419
0.4542249233431939,0.42736763560672847
0.41804116782846795,0.31268702857710573
0.44636366500047936,0.4041720554504574
0.44052342607688344,0.1622740713477262
0.48599839549445123,0.687877313406623
0.44648983313503515,0.3206097144727091
0.44248964280676406,0.1262857806924274
0.49278257185404045,0.6784914645052701
0.4475602579148901,0.33964845451997877
0.5016790888591122,0.695553066760925
0.4942295501038366,0.696206648796148
0.44619465148207244,0.39550094725542945
0.44079322822309447,0.1595267443701563
0.41074068353828513,0.1244762487569566
0.44641708318224915,0.31966129403649557
0.44242483549958317,0.12565923672941479
0.4922760089410103,0.6732704269050294
0.4473549042899965,0.33083666724676175
0.5008970329601349,0.6786474840931286
0.4952324522915175,0.6970992475992989
0.4578749409662915,0.7931511752300918
0.4507609382422857,0.4467967271677038
0.4206754644822862,0.39321536689956355
0.45741725860694143,0.6763463100646007
0.4513405777881783,0.38749213176139796
0.4176873595280963,0.2967077731486922
0.45839721473925715,0.6731363781143401
0.45304321919531626,0.3967605449647069
0.4168640299649301,0.2787510735591566
0.4460231500933398,0.3820683635755372
0.44077879911339585,0.1522904638426626
0.48808985701905033,0.6895836544099699
0.44443063624014256,0.2956003079989298
0.44051848412253336,0.10565129370008908
0.4943571512288297,0.6863517916257698
0.44516914007734876,0.2923350526921961
0.5062163029839434,0.7179843445496499
0.4973791493777359,0.7024257876136881
0.4460005603743943,0.38149432386484855
0.44077569277886847,0.15209133956879498
0.48768170268985267,0.6854366921622344
0.4471062180187244,0.32003796675952706
0.5011830012963971,0.679078146410675
0.4928465005264709,0.6735639682916249
0.4478314872877013,0.3166877826456607
0.5021235272809228,0.682135181862973
0.49598264743322085,0.6905899736152055
0.4581002349374011,0.7910191040812384
0.4512943089366578,0.4490708383598658
0.42030167109617245,0.38689553819428296
0.4574231626651596,0.6764548957866506
0.45134915866866704,0.38763468302977494
0.41768623000041727,0.29672660369226045
0.4586383682881763,0.6710218227534791
0.4535907008909817,0.3990425571148587
0.41644856793112184,0.2724383386864707
0.44641853639485957,0.38773545228363965
0.44114786154392577,0.15691330208736953
0.4885925359037185,0.6941248279281462
0.44443883692996217,0.29570889372098114
0.505243969901795,0.7139230244665365
0.49427654799613646,0.6851219320777819
0.44559186550278534,0.29801965718828766
0.5062259849960409,0.7197856323296009
0.497861071237115,0.7070379496290261
0.44626333463383366,0.3793261711235079
0.4414285748550704,0.15431250084147374
0.48967373814642995,0.6957492601394472
0.4471077917225789,0.3200796856459486
0.5010950435232584,0.6777376685109997
0.49281696165306227,0.672936332465913
0.44810785232112343,0.3145267291522662
0.5028958014403508,0.6861232429717014
0.49793187483700907,0.7009929166773428
0.45810023493740193,0.7910191040812357
0.4512943089366576,0.4490708383598658
0.420301671096172,0.3868955381942833
0.4574231626651604,0.676454895786648
0.45134915866866676,0.3876346830297746
0.4176862300004178,0.2967266036922601
0.45863836828817683,0.6710218227534781
0.4535907008909817,0.3990425571148597
0.41644856793112234,0.27243833868647144
0.44641853639486057,0.38773545228363726
0.44114786154392577,0.15691330208737037
0.4885925359037179,0.6941248279281483
0.44443883692996233,0.2957088937209818
0.5052439699017938,0.7139230244665407
0.4942765479961357,0.6851219320777844
0.4455918655027864,0.2980196571882856
0.506225984996041,0.7197856323296024
0.49786107123711504,0.7070379496290258
0.4462633346338347,0.37932617112350514
0.44142857485507003,0.1543125008414758
0.48967373814642934,0.6957492601394493
0.4471077917225797,0.3200796856459469
0.5010950435232584,0.6777376685110004
0.4928169616530616,0.6729363324659158
0.44810785232112393,0.3145267291522658
0.5028958014403506,0.6861232429717034
0.49793187483700924,0.7009929166773428
0.45428224678731444,0.8069552810977586
0.44592683604130784,0.44928654922174205
0.4171455072580709,0.4030952463929669
0.4545980734446528,0.6920505702615669
0.44880739383186813,0.40039897870804175
0.41276502430033746,0.2985779797472183
0.4553963816890084,0.7054962865046444
0.45016157331407225,0.41789511010339436
0.4121723715806722,0.29325285595406503
0.4421380230717043,0.39767368200594505
0.4356126332022484,0.15728707293159055
0.480776960316064,0.6676808946452009
0.4421677464681839,0.3130490228178913
0.43793257697398497,0.12043139521415169
0.48777124345170664,0.6608672102152162
0.4430053572677505,0.32850905819741383
0.49606089506866197,0.6758621261818678
0.4892787581408035,0.6780488377990633
0.4419112318915231,0.3884490126571284
0.43594590633075964,0.15456362331460544
0.4058771436776704,0.11679595147215972
0.44215577443501725,0.31262634389681
0.437939156042745,0.12033046078233542
0.4873740567691,0.6556416028238058
0.4428025515725114,0.3196928970178608
0.49541706806301006,0.659487207905363
0.4904411633722418,0.6789371501482164
0.45414595139006375,0.7851219595553269
0.44629523346467326,0.4395454557748017
0.4162406279833119,0.383962139512568
0.45364653180633013,0.6672376665893566
0.4472122669893372,0.37990392754724844
0.4125922932361028,0.2840859946576688
0.45430170471552,0.6583187422809414
0.4489812125617195,0.3872790342156868
0.4109373861188097,0.2592493654015248
0.44179219957925225,0.37555219845918036
0.435971229915252,0.14733843071865427
0.4828699332707924,0.6699042240282191
0.4400262127248284,0.28799890410408396
0.43584324965767157,0.09975335176493921
0.4892023396609532,0.6692452002145253
0.44051143783031194,0.2811325740916011
0.5005874619192773,0.6988107075151619
0.4923543165851085,0.6853023214118331
0.4417669808620056,0.37496668455393534
0.4359664861318011,0.14713149927303185
0.48257058204021663,0.6657515769409796
0.44291317575667255,0.3130125661473642
0.4957098193455966,0.6614572759515985
0.4879238887912674,0.6559356463408844
0.443396152748458,0.30606547215616425
0.4966545119190398,0.6629762802960093
0.49119051193178864,0.6729460508433913
0.4542760498351269,0.7814318342406572
0.4468699968447644,0.4413652052960712
0.4155902138653751,0.37550344597477986
0.45365281018056647,0.667350983705333
0.44722117153127683,0.3800482309971073
0.41259134859491237,0.2841086397920412
0.454442513909625,0.6546494332533799
0.449572628713609,0.3891085725147362
0.41020657887489215,0.2507980005186028
0.44211168551669205,0.3801952630457873
0.436320518635185,0.15147137972915628
0.48339294070109295,0.6744445399133471
0.4400349667322916,0.2881122212200573
0.49961007135277863,0.6962882814747584
0.4891225931777971,0.6680144830334878
0.44085633824467385,0.2857964549653121
0.5005708478016119,0.7000953835277272
0.49285454548668334,0.6899141720341506
0.44189886516259597,0.37123940462191374
0.43666596849836714,0.14889806656509508
0.4846351371858039,0.6760631721799689
0.4429148739799276,0.3130560448234962
0.495623597659633,0.6601171203606468
0.48789542646642053,0.6553076935082195
0.4435382259472556,0.3023465091820762
0.4974356784843662,0.6664481796436191
0.49320760584137613,0.6833482227809337
0.4542760498351278,0.7814318342406524
0.4468699968447644,0.4413652052960705
0.4155902138653749,0.37550344597477986
0.4536528101805672,0.66735098370533
0.4472211715312767,0.3800482309971066
0.41259134859491287,0.28410863979204054
0.45444251390962564,0.6546494332533758
0.4495726287136082,0.38910857251473585
0.41020657887489237,0.25079800051860385
0.44211168551669267,0.38019526304578527
0.43632051863518484,0.15147137972915817
0.48339294070109246,0.6744445399133491
0.4400349667322917,0.2881122212200573
0.4996100713527779,0.6962882814747601
0.4891225931777965,0.6680144830334901
0.4408563382446737,0.28579645496531175
0.5005708478016119,0.7000953835277275
0.49285454548668395,0.68991417203415
0.44189886516259674,0.3712394046219117
0.4366659684983667,0.1488980665650968
0.484635137185804,0.6760631721799686
0.44291487397992824,0.31305604482349453
0.4956235976596331,0.6601171203606468
0.4878954264664203,0.6553076935082212
0.44353822594725556,0.30234650918207545
0.49743567848436593,0.6664481796436198
0.49320760584137613,0.6833482227809344
0.4555766656161341,0.9442894013266041
0.4475993492796242,0.558836473402609
0.4222362873756438,0.5142684939725278
0.4573661252896695,0.8276927273413528
0.45081077225084365,0.49716387606892964
0.41988706820149757,0.41193032951241615
0.4591460924007267,0.8605118863413579
0.4528479725421741,0.5269866468267272
0.42018496701557806,0.4171918059915241
0.4442290648553143,0.49188629260566424
0.43812562945403016,0.23274526825147557
0.41182808384125874,0.20148505142921297
0.44559737557535367,0.4054411927819897
0.4407837516042106,0.18648848516578412
0.4096949973338839,0.12684219994105134
0.4470761317590681,0.43320665883441356
0.44220486173658885,0.20908555488043026
0.41033735442199526,0.13666081037201327
0.444364009342346,0.48458158347010893
0.4385884688034327,0.2301895170185904
0.41124823955890216,0.19250012823236604
0.44553107438292056,0.40454539414084023
0.44072383859078984,0.1859103992182016
0.40966715379416113,0.12641089549900777
0.44719083928127534,0.42573017406609903
0.44262638519336933,0.20619283027017685
0.4097447322176793,0.127961387426676
0.4556558268092424,0.9213529110987388
0.44797546324601517,0.5461955006362066
0.42164896768233595,0.49502266812687445
0.4563474033480757,0.7996825761858714
0.449274019548664,0.47516943710338616
0.4194813000752275,0.3942017361703527
0.45826729892274487,0.809080736414385
0.4517667909248329,0.4920031532598042
0.41911750104512707,0.3798650531743291
0.4441660085467882,0.4686714008565591
0.4384921907416935,0.21991148322990364
0.4109671437305447,0.18202902094831686
0.4433703223152969,0.37720899027106203
0.4387571200478208,0.1643197974584697
0.40818710572738204,0.1089695587506037
0.444852636281612,0.3815727525003754
0.4406267415505496,0.17394907973555032
0.4078940964521545,0.09919549542778851
0.44414795458338874,0.4681579932481168
0.4384922891168444,0.21976430498343277
0.4109329061100944,0.18150208036373386
0.4462736456959479,0.4049069270156815
0.4407364292807843,0.1861938825518088
0.4105468035196086,0.12664649360717037
0.4477184781517773,0.4091836081753194
0.4425564053129227,0.19570301973363566
0.41027433715011363,0.11684660403673461
0.4562256001394625,0.9230932892325691
0.4487853660864491,0.5506453008527326
0.4214412276218537,0.48990222571320535
0.4563524382046331,0.7997959685133674
0.4492817754008895,0.47531880741199023
0.41948013565363146,0.3942268880363863
0.45886709918094915,0.8108416806362533
0.4525936791722101,0.4964651571495729
0.4188884885004727,0.3747504653253821
0.44472256392793885,0.47692556910551615
0.43902721975820674,0.22658605714724184
0.41121971344489067,0.1851550411473877
0.4433775063207875,0.3773223825985632
0.43876760023287703,0.16446916776706877
0.40818590712583414,0.10899471061663722
0.44543702544156716,0.3898474868373694
0.4411711957279426,0.18063585732613094
0.40816946911929436,0.10232737019158053
0.444872924341974,0.4698606919894687
0.43949982041442265,0.22415924354285618
0.41064440484590387,0.17637378939398224
0.4462748382762317,0.4049504380328378
0.4407381282814969,0.18625097556606124
0.4105459711398383,0.12665642332556126
0.4484655908679279,0.41089453933850995
0.44356895461885737,0.20010312019824167
0.4099704826035671,0.11172073516486054
0.4562256001394628,0.9230932892325676
0.44878536608644876,0.5506453008527329
0.42144122762185315,0.4899022257132064
0.45635243820463406,0.7997959685133651
0.44928177540088954,0.4753188074119899
0.41948013565363146,0.3942268880363873
0.4588670991809493,0.8108416806362523
0.45259367917220994,0.4964651571495739
0.41888848850047256,0.3747504653253835
0.44472256392793885,0.4769255691055158
0.43902721975820674,0.22658605714724356
0.41121971344489033,0.18515504114738854
0.4433775063207874,0.37732238259856393
0.43876760023287703,0.16446916776707013
0.4081859071258343,0.10899471061663603
0.4454370254415675,0.38984748683736803
0.44117119572794294,0.18063585732613094
0.40816946911929414,0.10232737019158156
0.4448729243419746,0.46986069198946734
0.4394998204144231,0.22415924354285569
0.41064440484590375,0.17637378939398257
0.4462748382762325,0.40495043803283576
0.4407381282814978,0.18625097556606107
0.4105459711398387,0.1266564233255611
0.4484655908679281,0.4108945393385092
0.44356895461885737,0.20010312019824303
0.40997048260356767,0.11172073516486106
0.45686451803543543,0.8920948412426662
0.4490091571422566,0.5075307236413946
0.4222161916377962,0.480018667398868
0.4579895173548396,0.7792064655980045
0.452026266713766,0.4614878471683657
0.41915047489628354,0.37656046721626746
0.45950502515920166,0.8087136311188756
0.453811971188091,0.48913241701540516
0.4193899422741509,0.3816816608607337
0.4453381868401998,0.4561944245567483
0.4392716380465078,0.19688442891063437
0.4830853307664082,0.725730749715488
0.44612659961496665,0.37279564586868175
0.44177709256127273,0.1622839849608351
0.4894676946152396,0.7056125543793019
0.4474500487799881,0.398456711831929
0.4994798480763141,0.7325564452273855
0.490773540326202,0.7229072229480407
0.44535446664588235,0.4486953312684176
0.4397154828453248,0.19527332112184195
0.4112665889063727,0.1698656930341163
0.4460586841294852,0.3718706583126882
0.4417167855425898,0.16168928896227802
0.4887037609951367,0.6971196747720659
0.44744023252877363,0.3908109851128651
0.4985863920368592,0.7130402797739518
0.49136110535660876,0.7187838532450596
0.4568393341925583,0.8699291980210959
0.4493851422508785,0.497847473821783
0.42149931698382564,0.4605598634037303
0.4569794640357934,0.752311832621954
0.45047316214901334,0.43948856739506015
0.41878371976522205,0.35994498106928385
0.4585071822130235,0.7591448742958413
0.4526971933060791,0.4570815502048107
0.4182105488613866,0.34524913995363316
0.445143046790667,0.43374564550688294
0.4396498007416836,0.18699871510711136
0.4851797537834153,0.7263398160428826
0.4439638592963467,0.34566921010657115
0.43973004455684533,0.140102985617518
0.49152834129079603,0.7168932542560978
0.44513575783486203,0.3486850088268087
0.5042486980960349,0.7568107235945449
0.4942385660071496,0.7293266302299437
0.44512357336582387,0.43319160735048584
0.4396498859979966,0.1868297121765833
0.48450840431739023,0.718874051693791
0.4467567789815156,0.37224860114873737
0.4988334177552424,0.711115008211358
0.489412413775014,0.6988862733427591
0.4478977069614974,0.3751767234055682
0.49987185102292886,0.7170042297501741
0.4922434430996317,0.7122816568171133
0.45727987501538503,0.8709959568582559
0.4501281340268806,0.5027434097004201
0.4212241675157331,0.45533274605680724
0.45698537215786117,0.7524269631209568
0.4504819359274704,0.439640747402367
0.4187825196829921,0.3599652625750732
0.4589722690256043,0.7602344562399332
0.4534497103954039,0.4619886564532019
0.41790668149872107,0.3400333132984395
0.44564835919749674,0.44146605032807307
0.4401222379879864,0.19314219042435288
0.4856416426017972,0.7307887760947265
0.44397214188488954,0.34578434060557434
0.5031804937528599,0.7498258825339156
0.49144449709854876,0.715616798015543
0.4456693828101497,0.35642823675493013
0.5043046933800286,0.7596376513729097
0.49468477187008353,0.7338592025778724
0.44567977708522366,0.4342214028792512
0.4405755847562393,0.19166985424173616
0.4862877831342703,0.7273520780795502
0.4467583396204533,0.3722928939101813
0.4987400969386796,0.709714412688069
0.489380232604417,0.6982211055626213
0.44847206561351,0.3762156550378332
0.5007290956765901,0.7224993616325954
0.4940019220309919,0.7208587565098116
0.4572798750153859,0.8709959568582523
0.4501281340268806,0.5027434097004208
0.42122416751573327,0.45533274605680757
0.4569853721578621,0.7524269631209535
0.4504819359274702,0.4396407474023677
0.4187825196829922,0.3599652625750729
0.45897226902560456,0.7602344562399326
0.45344971039540405,0.46198865645320125
0.41790668149872073,0.3400333132984405
0.4456483591974969,0.44146605032807307
0.4401222379879867,0.19314219042435324
0.48564164260179726,0.7307887760947268
0.4439721418848894,0.345784340605574
0.5031804937528601,0.7498258825339159
0.49144449709854876,0.7156167980155445
0.44566938281015034,0.35642823675493013
0.5043046933800291,0.7596376513729087
0.4946847718700838,0.7338592025778731
0.4456797770852239,0.4342214028792505
0.4405755847562394,0.19166985424173685
0.48628778313427107,0.727352078079548
0.446758339620454,0.37229289391018094
0.4987400969386796,0.709714412688069
0.489380232604417,0.698221105562622
0.4484720656135103,0.3762156550378332
0.5007290956765904,0.7224993616325944
0.4940019220309924,0.7208587565098105
0.45528915701247,0.7589884900389011
0.4481024913691431,0.41922640636314024
0.4194838736880794,0.37507915104803946
0.4558774005330053,0.6511233286410831
0.45044815799626226,0.37059707011463255
0.41643918787372874,0.28103037840018585
0.4570951503131816,0.6708403768675215
0.4518872358707695,0.39003546437538733
0.4165806933512393,0.2825678611808742
0.4441756812849765,0.36684232647368853
0.4387305114369275,0.13760988367987662
0.48758001477158425,0.6980923807685465
0.4445346171187609,0.28760349884446124
0.44068518419349056,0.10162784418222555
0.49353785454734267,0.6828409758268509
0.4456512389969545,0.3066617766693136
0.5034440968588401,0.7086403832758933
0.49470778336060756,0.6977274920598521
0.44406317557855124,0.3587996387156136
0.4390066438292947,0.13490954812097739
0.4093032232751691,0.10049040211561588
0.4444631646783133,0.28670019468255487
0.44062169634310694,0.10103501634281901
0.49305551696207955,0.6777384425479392
0.445502320968342,0.29845497946084515
0.5027424207310178,0.6925208952956542
0.4955097150759125,0.6971631608351263
0.45519047015055186,0.7382440997574985
0.4483732800658853,0.40943243802123397
0.4187878985064248,0.35761409923692733
0.45497632045204917,0.6274322825827178
0.44900674235308463,0.35123255667051023
0.4161677794068973,0.2665292335502869
0.45610912190330094,0.6259045324863748
0.45076022007842675,0.36051662649572797
0.4155182386906826,0.25024837026518526
0.4438967183226886,0.34582457147413265
0.43897728157871946,0.12762036375227878
0.4894453728258101,0.6983133048736724
0.4425390428139877,0.2636871810675941
0.43881158638122814,0.08208743485369288
0.49510498142029286,0.690695493594782
0.44339469230768247,0.26153427429411497
0.507533619981232,0.7274603192973416
0.4976468858059544,0.7024666158118492
0.4438775029765344,0.34530164376780476
0.43897765393763977,0.12745840954060064
0.4890696139516738,0.6943254499875579
0.4451661028674407,0.28706760483453614
0.503053457254084,0.6932389115830369
0.4936146954758108,0.6779666933330959
0.44600451580003164,0.2848239866236382
0.5038275205027127,0.6946100353756774
0.496263679286645,0.6906840712552008
0.4554694313129396,0.7366801301379425
0.44892156150406565,0.411709287958701
0.41847360728967953,0.3518612736999748
0.4549827292310189,0.6275468058803508
0.4490158941659754,0.35137981286185294
0.41616683808487537,0.2665520212558837
0.4564067158837928,0.624357576595818
0.4513228917964341,0.362801657822653
0.4151707223495211,0.2445019128295373
0.44430828559936625,0.35149563158015573
0.43935864329199675,0.13224594074228854
0.48985931574733094,0.7021466771055194
0.44254785757808884,0.2638017043652295
0.5067241213224786,0.725086571179235
0.49502291030342965,0.6894414754058643
0.4438323278809592,0.26722234812913354
0.5075348951031766,0.729195896721719
0.498048891320922,0.7063816318761462
0.4442094785353808,0.3436991426703929
0.439644606116369,0.1296806415861554
0.49074210015125247,0.7023875035170613
0.4451677983101616,0.2871116425391296
0.5029632944709266,0.6918526492587805
0.4935850847078919,0.6773314532042507
0.44635192421069525,0.2832284425327668
0.5045095975691206,0.6978572421665703
0.4979154301557044,0.6988381048925694
0.45546943131294026,0.7366801301379398
0.44892156150406604,0.4117092879587014
0.41847360728967975,0.35186127369997444
0.45498272923101823,0.6275468058803536
0.4490158941659754,0.3513798128618543
0.4161668380848758,0.26655202125588334
0.45640671588379345,0.6243575765958167
0.4513228917964336,0.36280165782265505
0.4151707223495219,0.2445019128295366
0.4443082855993666,0.3514956315801544
0.43935864329199625,0.1322459407422899
0.4898593157473314,0.702146677105519
0.4425478575780893,0.26380170436522915
0.506724121322478,0.7250865711792378
0.4950229103034296,0.6894414754058656
0.4438323278809595,0.26722234812913387
0.507534895103177,0.7291958967217187
0.49804889132092234,0.7063816318761466
0.4442094785353813,0.34369914267039225
0.43964460611636885,0.12968064158615608
0.4907421001512528,0.7023875035170606
0.4451677983101625,0.2871116425391282
0.5029632944709262,0.691852649258782
0.49358508470789175,0.6773314532042517
0.4463519242106958,0.28322844253276613
0.5045095975691205,0.697857242166571
0.4979154301557044,0.6988381048925697
0.45144528236205,0.7509662406552261
0.4434383088885249,0.4119333597972569
0.4150773795396614,0.36640527255757127
0.45200005348233996,0.6420410785093217
0.4463089699052261,0.3630433339995311
0.4111071305505664,0.26787042620396634
0.45289084494385873,0.6560760472045715
0.4477199550560098,0.3805562386426757
0.41058017063478,0.263127869219534
0.4398460569625416,0.3603380157988115
0.4337286378441968,0.1326193947543394
0.48240175948463426,0.6778959620071237
0.4401124368412211,0.28003660537129316
0.43603965836342445,0.09576899741979251
0.48854441725377895,0.665216721536797
0.44098837277390185,0.29551612829573043
0.49788042408633243,0.6889494426968351
0.4897651935777896,0.679569681062767
0.4396751181579939,0.3517424972706776
0.43406938302678133,0.12994311396197156
0.4043476013516319,0.09280580705488703
0.4401037979929932,0.279659314879775
0.43604958045520276,0.09570168212856409
0.4881717762809739,0.6601096184667143
0.44084363515175845,0.2873052464130184
0.4973189825274623,0.6733606191078886
0.4907211294015164,0.6790010633840435
0.45134960938997876,0.7302071324880626
0.44379903933990766,0.40217625350559955
0.4142461845056617,0.34835440394611855
0.45109737273867856,0.6183152165775561
0.444776126691225,0.34363811604535405
0.41096092008853236,0.2539012314557694
0.451894165368625,0.6110787034255651
0.4465954366105372,0.35102836420484784
0.4094636268259567,0.23074098913876057
0.4395633675664925,0.33930248453339507
0.43407977753819865,0.12266470305890495
0.48426201456912105,0.6786338744919211
0.4380346030378839,0.25607962250456395
0.4340486124414901,0.07618510573996615
0.48996802334968864,0.6735889021835357
0.43863118631256925,0.25032581326656655
0.501943971502755,0.708286682262857
0.49262446908098495,0.6853431496099939
0.43954159501741946,0.33876856802280825
0.4340785908609929,0.12249497707567805
0.48399539090727084,0.674640334766301
0.4408764716558022,0.2800358820377851
0.49763627072941874,0.6756180411239614
0.4887100739832789,0.6603383713823552
0.44146660832022666,0.27419551064307934
0.49840964273150556,0.6754511338087131
0.4914742894869919,0.6730401484833852
0.4515298853664383,0.7270851432578502
0.44438917117547905,0.4039986542583349
0.4136483330721978,0.3404628008165712
0.45110418076454106,0.6184343541244142
0.444785615798399,0.3437869261117257
0.4109601926827367,0.2539278545378095
0.45208859335267454,0.6079769106182586
0.447202581997495,0.35286076895141766
0.4087955911957414,0.22285593238303908
0.43989640653705825,0.3439495141658394
0.43444071333750417,0.12680030330087305
0.4846933848709861,0.6824663890907201
0.4380440006240912,0.25619876005142095
0.5011346197929076,0.7074518281874582
0.4898867428211719,0.6723340263615707
0.4389887172843339,0.2549930393219106
0.5019191223337315,0.7095056479198448
0.4930423304901108,0.6892578542812714
0.43973941352269513,0.3356069747514889
0.4347925440369871,0.12426257375573345
0.4857310166833443,0.6827014155575799
0.44087830007333806,0.28008161913487106
0.49754772384025014,0.6742321011084277
0.4886815235361486,0.6597028142465572
0.4416771746996279,0.27104203627035744
0.49909798431163227,0.6781821788384874
0.4931858686985715,0.6811934109961596
0.4515298853664387,0.7270851432578479
0.4443891711754792,0.40399865425833426
0.413648333072198,0.3404628008165709
0.45110418076454084,0.6184343541244155
0.44478561579839904,0.3437869261117257
0.41096019268273687,0.25392785453780986
0.45208859335267504,0.6079769106182555
0.4472025819974946,0.3528607689514183
0.40879559119574205,0.22285593238303944
0.4398964065370585,0.3439495141658384
0.4344407133375038,0.12680030330087474
0.4846933848709863,0.6824663890907201
0.43804400062409155,0.2561987600514213
0.5011346197929073,0.7074518281874589
0.48988674282117156,0.6723340263615721
0.43898871728433336,0.2549930393219123
0.5019191223337315,0.7095056479198445
0.49304233049011065,0.6892578542812717
0.43973941352269547,0.3356069747514885
0.4347925440369876,0.12426257375573363
0.4857310166833445,0.6827014155575799
0.4408783000733385,0.2800816191348704
0.4975477238402501,0.6742321011084288
0.4886815235361485,0.6597028142465575
0.44167717469962825,0.2710420362703561
0.49909798431163244,0.6781821788384871
0.49318586869857134,0.6811934109961603
0.458020617345327,0.8149977829754668
0.45049501215753307,0.4566819918473027
0.42144053770594075,0.411671294149506
0.4583764472349644,0.7011981228894727
0.45285649470240974,0.4080326809284682
0.41798148242086874,0.31170263437110896
0.45948646786320174,0.7202772717686086
0.4542340068991852,0.4274118076022935
0.4180392010725621,0.3126254524335894
0.44637098909382417,0.4042026034663668
0.4405360955842006,0.1623608853928841
0.4860079669813235,0.6879639299516642
0.44649967412132097,0.32067417829752626
0.4425006988683474,0.12635803191821815
0.49278829638465543,0.6785533997653317
0.4475669522719827,0.3396703464814686
0.5017117946611411,0.6958367921252557
0.49423165290801097,0.6962238074417386
0.446199810741531,0.39550753021646745
0.44080286810263475,0.1595874364415513
0.41073566023299724,0.12440826907484126
0.44642430092550656,0.319697963173978
0.44243302296819903,0.12570567799180266
0.4922811704459992,0.6733222727838621
0.44736067175714195,0.33084787508732544
0.5009241850373756,0.6788870096493397
0.4952335616292489,0.6971053605844606
0.45788315709821464,0.7931885899626346
0.45077514444866973,0.44690628523937237
0.42067006315878513,0.3931311857276105
0.4574270126500655,0.6764103852976066
0.4513522776708064,0.38757349673489366
0.4176869213534582,0.29667184822817855
0.45840536422040257,0.6731694027815832
0.4530524311778131,0.39680559271295934
0.4168631283518136,0.2786986565708074
0.4460315618629986,0.3821097415944249
0.4407917438925662,0.1523794486155629
0.48809824888124137,0.6896647715758962
0.44444015983068313,0.29565958211578824
0.44052960051088985,0.10572199196736362
0.49436344633349677,0.6864205580852363
0.44517662271656155,0.29236559990094535
0.5062452981424629,0.7182460748755465
0.49738046290252186,0.702440264110552
0.446006119949751,0.38150428417498106
0.440785745736337,0.15215371618072682
0.48768826978211716,0.6854959217195584
0.4471131282446836,0.3200676589046402
0.501222834193311,0.6794333738016632
0.49285146777524746,0.6736129810698509
0.4478378268937014,0.316703386394176
0.5021494868075845,0.682364576678705
0.4959837983819637,0.6905971405554887
0.45810859104504953,0.7910564227995868
0.4513081545808966,0.44917556441889156
0.42029675287715573,0.38681378167269076
0.45743226319974256,0.6765080304443785
0.4513601632493001,0.3877066732708516
0.41768540802715887,0.2966840988678509
0.4586468773447956,0.6710586838229323
0.45359958281802953,0.3990838672256206
0.41644863542722227,0.2723925709267892
0.44642643128591164,0.38777043869314465
0.44116025396591996,0.15699627964871837
0.4886005040742928,0.6942017291212454
0.4444474615638621,0.2957572272625618
0.505288384044066,0.714322949158296
0.49428265098255986,0.6851876892916214
0.4455990966940385,0.2980477452040569
0.506253417813211,0.7200343256595254
0.4978626544296885,0.7070544066359173
0.44626955796459294,0.37934143638620016
0.44143857816308074,0.15437390181191885
0.4896788966749119,0.695796899105431
0.4471145181229326,0.3201051914038504
0.5011333651966425,0.6780768652473652
0.49282178530865156,0.6729826205454618
0.4481149276577373,0.31454907961445333
0.5029199676337819,0.686336940294202
0.49793178019163004,0.7009891647674547
0.45810859104505064,0.7910564227995837
0.45130815458089674,0.44917556441889017
0.4202967528771561,0.38681378167268976
0.45743226319974356,0.6765080304443754
0.45136016324929984,0.38770667327085195
0.4176854080271596,0.29668409886784985
0.4586468773447965,0.6710586838229303
0.45359958281802976,0.3990838672256199
0.4164486354272226,0.27239257092678953
0.446426431285912,0.38777043869314365
0.4411602539659199,0.15699627964872007
0.4886005040742923,0.6942017291212468
0.44444746156386244,0.2957572272625608
0.5052883840440651,0.714322949158299
0.4942826509825587,0.6851876892916248
0.4455990966940389,0.29804774520405863
0.506253417813211,0.7200343256595267
0.49786265442968886,0.707054406635918
0.4462695579645936,0.37934143638619744
0.4414385781630809,0.15437390181191987
0.48967889667491205,0.695796899105431
0.44711451812293335,0.32010519140384974
0.5011333651966423,0.6780768652473675
0.4928217853086511,0.6729826205454639
0.44811492765773786,0.31454907961445333
0.5029199676337817,0.6863369402942027
0.4979317801916304,0.7009891647674543
0.4566739421182271,0.7060757990567612
0.44964185639008925,0.36753770732928626
0.4193786373616699,0.3401925972642013
0.45650881173550373,0.6019981165580925
0.45174059737023203,0.334469833824349
0.41554554446706454,0.24514904475809698
0.45741944278854957,0.618348776812183
0.4528956191242221,0.3516654281570878
0.4156177871386903,0.24652538225713963
0.4453571483664811,0.3306420414462237
0.439968747640248,0.1014883327313708
0.48929056394494186,0.6830123263446157
0.4450737233256938,0.2545198313329654
0.4417333084009363,0.07712114394331823
0.4956874120683672,0.6794374637315574
0.4460121853702153,0.27142204431012595
0.5049017130449966,0.6824381688080566
0.49711009089551417,0.6971913866621041
0.44511287080843387,0.32242356024647084
0.44021767003685464,0.09972257307424635
0.40927302517089825,0.07742914132941996
0.4449984631207419,0.25357682317730645
0.44166610034584636,0.07648937582164642
0.49542211732294883,0.6771701659740054
0.4457231847592533,0.2630603908015049
0.5043662461778662,0.6700276738499419
0.49833902482922876,0.7020595060155741
0.45645722688101037,0.686110942353371
0.44990634182808764,0.3606901827401029
0.41854001693592124,0.3225266357680865
0.45561951567822656,0.5794153438558883
0.4502827557382271,0.3151012073971813
0.4153218510117012,0.23175451704416206
0.45630196043443405,0.5753060263232795
0.4517312653382019,0.32508774033497456
0.4144380546075157,0.215128253440668
0.4449326560234719,0.3104104470867794
0.4402219963206855,0.0944434430907135
0.49117051810211615,0.684702944590821
0.4431520403288633,0.2317156573851815
0.4398410514355413,0.05757975104207542
0.4967902883860962,0.6831688501301413
0.4436596780105338,0.22819480615028645
0.5089445272124767,0.70413426433771
0.4997569329967239,0.7012451658498686
0.44491044188912865,0.30984019756423775
0.44021962505189227,0.09424091497527617
0.49101269263721287,0.6835381358804944
0.44565158006471695,0.2539380001808671
0.5045289107999836,0.6680227431202826
0.49585580291697456,0.6760832381301952
0.4461497501943858,0.2503430840395163
0.505410035199985,0.6740468797256366
0.4989229590014384,0.6951196916984849
0.45658958709372915,0.6838773111509467
0.45037562623853983,0.3634047447946357
0.41815091780827485,0.3166763459055379
0.455625890008464,0.5795163155920687
0.45029178010503634,0.3152357902870361
0.4153206223906784,0.23176620112622168
0.4564435002036607,0.5730941896078009
0.4522088298604872,0.32781025637166167
0.41400688054516216,0.2092928609669155
0.4452865471473643,0.31553951973334793
0.44053369199293724,0.09852832273667735
0.4916676558531466,0.6892493383929871
0.44316068764262284,0.23181662912135878
0.5080356668147804,0.6971298573842294
0.49671141414165443,0.6819481672386685
0.44403888423961013,0.23334567328379685
0.5089484685881362,0.7059188122063285
0.5002337941660863,0.7058628166724509
0.44505493331715495,0.3075752603844865
0.44079278505813363,0.09690597106227698
0.4929939092658893,0.6948758472739726
0.4456533788224087,0.2539768901031954
0.5044426785769817,0.6666927950884158
0.4958280433614677,0.6754689829213243
0.4463021071182247,0.24808686350305129
0.5061865969804803,0.6795867346962043
0.5008528362350013,0.706546484528673
0.4565895870937299,0.6838773111509447
0.45037562623854,0.363404744794635
0.418150917808275,0.3166763459055372
0.4556258900084643,0.5795163155920681
0.4502917801050365,0.3152357902870354
0.4153206223906784,0.231766201126222
0.4564435002036616,0.5730941896077985
0.45220882986048694,0.32781025637166133
0.4140068805451627,0.20929286096691632
0.4452865471473644,0.3155395197333476
0.4405336919929366,0.0985283227366787
0.4916676558531469,0.6892493383929864
0.443160687642623,0.23181662912135897
0.50803566681478,0.6971298573842301
0.4967114141416546,0.6819481672386691
0.44403888423961,0.23334567328379738
0.5089484685881365,0.7059188122063278
0.5002337941660869,0.7058628166724502
0.4450549333171552,0.3075752603844865
0.44079278505813396,0.09690597106227664
0.4929939092658898,0.6948758472739722
0.4456533788224093,0.2539768901031937
0.5044426785769812,0.6666927950884173
0.4958280433614679,0.675468982921324
0.4463021071182252,0.24808686350304993
0.5061865969804804,0.6795867346962047
0.5008528362350015,0.706546484528673
0.45410673423595277,0.5914741429959598
0.4477254272641156,0.29722110186779793
0.4167998051380378,0.25297771385127943
0.4539462962488054,0.4937404370024962
0.4493397192753373,0.2568187230090437
0.41343364598199345,0.16788079787394683
0.4548063550768747,0.5040444671830714
0.4504137305389703,0.26899026310418866
0.41341180986866966,0.16571219256486178
0.4434401182205084,0.2545029437918969
0.5055188185350082,0.6866866363041839
0.4928861855578371,0.6580824630380696
0.4432025114757906,0.18311080498826648
0.5086658103351294,0.6656581313336128
0.49820205278578517,0.6515638329619182
0.4440777275155366,0.19547886899834446
0.5082972672862875,0.6679348495280877
0.49387371331039326,0.899357045209039
0.4431800979488205,0.24634750045898862
0.43884800791434486,0.052645844663945764
0.4074914030049182,0.019756673410480225
0.44312178059209884,0.18217361929653056
0.507561790566449,0.6523820896352039
0.4979951465413302,0.6498706635702816
0.4437687709001263,0.1871648981767869
0.5077883875955645,0.6563654161493947
0.49466664869637716,0.9025350198459199
0.45390494706837964,0.5730833326213602
0.44789852200645813,0.2893034643718099
0.4160655706947989,0.23741178965514054
0.4531660757051981,0.47378325801884147
0.44801303464455416,0.24007994669949229
0.41328829273679,0.1560282891185156
0.45380939060317915,0.46521950046624133
0.44928112729206227,0.2439877429745998
0.4124295016275703,0.13796376959135573
0.44304907271697647,0.2358546644168623
0.5071333249315809,0.6914391231920383
0.4944849734724965,0.6588964002434727
0.44141792379354017,0.16294388429392756
0.5113186972450009,0.6856580692063803
0.49929899315570037,0.6561701660360041
0.44189151005695976,0.15647905148765257
0.5116760564105636,0.6833082409515344
0.4956249848590853,0.8927801470113231
0.44302527380103685,0.23530121142234242
0.5061609623711404,0.6796937288482943
0.4943983250821918,0.6583924169985138
0.4438053463079493,0.18251598925272058
0.5081334774575362,0.6583913724890414
0.4931078892312262,0.8805776279349348
0.4442760306162446,0.1759840017377538
0.5086370403457442,0.657561528959585
0.495149802878046,0.8959226195880462
0.4539964934695725,0.5693613966537614
0.4482670915746496,0.2899722683953545
0.41566797416198437,0.23108420443254768
0.45317212506869436,0.4738748636110648
0.4480216588046524,0.24020322016844184
0.4132869718182903,0.15603854705198608
0.45390801428404975,0.4615150893682852
0.4496612651449814,0.24466303753363106
0.4119893362349209,0.13164521571316873
0.4433552453321351,0.2394593363893167
0.5070540112480922,0.6917755636894568
0.4948539615606738,0.6621371815198573
0.44142599801380783,0.1630354898861495
0.5111400610281271,0.6832696396104709
0.49358527929536145,0.8771755367260686
0.44221937329834576,0.16010124832974987
0.511630189486072,0.6840318273530734
0.496002471592961,0.8971448270805908
0.44310793159048245,0.23154996718832344
0.5066435816866272,0.6814370628376161
0.4959483939222093,0.6664705952753381
0.44380701292821617,0.1825512867057529
0.5080517891740289,0.657094890058308
0.4930835443902517,0.8800014866077641
0.44436579845141894,0.17223985083094492
0.5091460442849904,0.6595866114621348
0.4964792898132886,0.9053215825650632
0.45399649346957305,0.5693613966537587
0.4482670915746503,0.28997226839535345
0.415667974161984,0.23108420443254904
0.4531721250686945,0.4738748636110661
0.4480216588046528,0.24020322016844287
0.4132869718182906,0.15603854705198608
0.4539080142840501,0.4615150893682869
0.4496612651449818,0.24466303753363106
0.4119893362349216,0.1316452157131689
0.4433552453321354,0.23945933638931774
0.5070540112480924,0.6917755636894565
0.4948539615606743,0.6621371815198562
0.4414259980138082,0.1630354898861495
0.5111400610281266,0.6832696396104719
0.4935852792953621,0.8771755367260683
0.44221937329834604,0.16010124832975142
0.511630189486072,0.6840318273530731
0.4960024715929611,0.8971448270805912
0.44310793159048223,0.23154996718832363
0.5066435816866269,0.6814370628376168
0.49594839392220974,0.6664705952753375
0.4438070129282167,0.18255128670575274
0.5080517891740284,0.6570948900583103
0.49308354439025204,0.8800014866077641
0.4443657984514196,0.17223985083094526
0.5091460442849904,0.6595866114621355
0.4964792898132888,0.9053215825650639
0.44996520060942385,0.5988853407036587
0.44255414841172663,0.2975467929500787
0.4124898597932454,0.2599325427223463
0.449823788316621,0.5016701549678978
0.4448903740757682,0.26043564591720514
0.40832471411915033,0.17203917807056132
0.45038392426833185,0.5108982010242542
0.4459159020102607,0.27314097055759406
0.4078168150515331,0.16825019535837016
0.43880397839676877,0.25813232970465905
0.49975794560372094,0.6867793488722421
0.48434804337571796,0.8704697357243734
0.438515238407761,0.18673615822289255
0.5032732467577307,0.6674485766172114
0.4886018983252139,0.8540775441261366
0.4391681325729012,0.19856107190679054
0.5024972052255589,0.8838522700792035
0.4888291101772508,0.9008469883808277
0.438520506590881,0.24999497844129215
0.433495445275587,0.0530435687868867
0.4025972248450032,0.022917264912283724
0.43850301650079815,0.1863392505789293
0.5023044460851174,0.6547026330905452
0.4885210953681065,0.8519956577682682
0.4389025987475554,0.19079019563052996
0.5021791363939776,0.8721502053254471
0.4896582762398474,0.9034817908390674
0.4497695415043131,0.5804849999804376
0.44285716573961087,0.29017888172574047
0.4116264675329697,0.24380084898975163
0.449028179014344,0.48115859527931626
0.44344738750247836,0.24314040269949563
0.40827827371811126,0.16019124897867182
0.4493713308109071,0.47152022381877545
0.44480363081604996,0.2481418143495412
0.4067736500704948,0.13994520174067146
0.4384148385387458,0.23948061990732655
0.5014269557933138,0.6920928662487583
0.4855605371615455,0.8684433913475234
0.43662968903010296,0.16601880653650644
0.5057177558682046,0.6868852334556182
0.48928892541655133,0.8506706669389982
0.4368750268916541,0.15901191186250704
0.5050349530205617,0.8889585806054732
0.49035299760611273,0.8937155728199466
0.43839033525041343,0.23893946407429092
0.5005530475333669,0.680345902065346
0.48558867596088257,0.867460472296923
0.43925379208433063,0.1866747504080788
0.5024422688592073,0.8774936366600135
0.4882612842429864,0.8826152710014916
0.43950180546462236,0.17960410429899934
0.502937059289602,0.8735524575273417
0.4901235719130146,0.8968669525535358
0.44980071965893376,0.5767613050484218
0.44329774982826575,0.29140306910680613
0.41103374668100867,0.23691189142243443
0.44903395477507,0.48124936497709536
0.443455419720461,0.24325852330468872
0.40827723353667744,0.1602054602671216
0.44940534051400577,0.4678150777179937
0.44525600389320863,0.24937330228073748
0.4061156841523387,0.13306539429053993
0.4386694862000884,0.2430832647417145
0.5013546904466889,0.6924329019669235
0.4859168422789125,0.8727257224563986
0.43663747787752444,0.16610957623428282
0.5045072346969144,0.8920473730737593
0.48849266382040407,0.8792058604376699
0.437149780316215,0.16263310552812826
0.5049823177839711,0.8887984894969984
0.4906999089920199,0.8980787424576916
0.43839831781628275,0.2351868884454479
0.5011330454214927,0.6826523654545861
0.48692629526609943,0.875338522200319
0.43925535129069276,0.18670964971785342
0.5023711050245026,0.8762360549155395
0.4882382809187995,0.8820406309642238
0.43951353951343025,0.17585893277762038
0.5034002259370532,0.8741872880929059
0.49134995060182085,0.9057030103451496
0.449800719658934,0.5767613050484192
0.44329774982826603,0.2914030691068058
0.41103374668100834,0.23691189142243596
0.4490339547750702,0.48124936497709364
0.44345541972046126,0.24325852330469008
0.4082772335366775,0.16020546026712212
0.44940534051400644,0.467815077717993
0.44525600389320874,0.24937330228073784
0.40611568415233884,0.13306539429054046
0.4386694862000887,0.24308326474171482
0.5013546904466891,0.6924329019669229
0.4859168422789132,0.8727257224563961
0.43663747787752477,0.16610957623428368
0.5045072346969145,0.8920473730737576
0.48849266382040457,0.8792058604376688
0.43714978031621515,0.16263310552812946
0.5049823177839717,0.8887984894969946
0.49069990899202015,0.8980787424576903
0.43839831781628275,0.23518688844544738
0.501133045421493,0.6826523654545857
0.48692629526609993,0.8753385222003177
0.43925535129069354,0.18670964971785342
0.5023711050245024,0.8762360549155391
0.48823828091879934,0.8820406309642238
0.4395135395134306,0.17585893277762074
0.5034002259370531,0.8741872880929059
0.4913499506018212,0.9057030103451486
0.4550338283853063,0.7885228834227672
0.4468147885550641,0.4316007349825554
0.41659159783675187,0.38519888848913736
0.45473160858505324,0.6721577199621314
0.4494420953867136,0.3873353549016375
0.4117440054317267,0.2800476240505852
0.4552116810099147,0.6817528031897073
0.4504745918911784,0.4015831850570004
0.41109928810469576,0.27460581502992465
0.44274592531420415,0.38453926961721885
0.43626804137443415,0.14427293275850572
0.48174872737917307,0.6635891274428213
0.44225080163880043,0.29925009698554605
0.4384035815443124,0.11113958784046125
0.4893788252302816,0.6646544120449607
0.44289977959495225,0.3125604065385028
0.49666769273594213,0.6651510684731874
0.491150374466536,0.6847929722750228
0.4423859514790133,0.37464726147303573
0.4365257906954444,0.14145755588453957
0.4054543088027458,0.10495742445751596
0.44223542158421103,0.29877980840558666
0.43840691639118945,0.11099837453811727
0.48920998425963996,0.6622873742440817
0.44255454413954,0.3030845362449064
0.496193949945499,0.6514321599302321
0.492761051627117,0.6906290159906655
0.454801047132148,0.7665319508222936
0.4471617787905101,0.4228196561967861
0.4156037851013373,0.3659511164627473
0.4537992721205345,0.6479172586246135
0.4478426134095262,0.3668396115797924
0.41160880731013094,0.26612647114661586
0.45401511779676834,0.6349912645795421
0.44925485350950695,0.3719195552409196
0.4098043652738447,0.24107119034302765
0.4422757305469256,0.36226240143689525
0.43660422076469474,0.13527976609407755
0.4838859499358529,0.6663045917401439
0.4401641185716103,0.274778655259758
0.436307542656531,0.09046360029369484
0.49032402945743114,0.66890296260821
0.4403114378042608,0.2656077125244563
0.5011658260012745,0.6888417677120615
0.49395658363681627,0.6903743647097145
0.4422474606886,0.36163173553242833
0.4365966134375892,0.13503654829756837
0.48381865132197643,0.6650071249080242
0.4429663873581991,0.29915578724115327
0.4963197276077876,0.6515752667346851
0.48962730560019485,0.6612771508045137
0.44312090378507046,0.28991484446769317
0.49742900884965296,0.6558369231569934
0.49336366679499066,0.6837099184137692
0.4547837121736507,0.7616763820578325
0.44762000425101306,0.4240505378752072
0.4149070296734498,0.3574284301670296
0.4538051156664389,0.6480127426061837
0.44785117808073116,0.3669712293615445
0.41160704165738954,0.26613364277188634
0.45399627211229343,0.6301532606266207
0.4497266676241116,0.37315495406393423
0.4090196117147903,0.23255647063860227
0.4425340429770785,0.36636024620635566
0.43688071536916107,0.1388741664343238
0.4844952884350594,0.6715748691225986
0.44017217740757375,0.27487413924132503
0.500039034293929,0.6836837508654559
0.49024822685459296,0.6677246080058066
0.4405930055899356,0.2697231221054517
0.5011490967759272,0.690152050817799
0.4945329675482793,0.6956955627171773
0.44218644732974677,0.35674532852334034
0.437151425742619,0.13621771510218256
0.486207206159551,0.6781069681673658
0.4429680649126354,0.2991923782091172
0.4962410024677425,0.6503289071512652
0.4896015671266852,0.6606877600964463
0.4430604179544886,0.2850354319771886
0.49830995619779367,0.6605760788855654
0.4956712538280818,0.6968899280320835
0.4547837121736513,0.7616763820578301
0.44762000425101295,0.42405053787520586
0.4149070296734495,0.35742843016703024
0.45380511566643916,0.6480127426061799
0.44785117808073005,0.3669712293615455
0.4116070416573898,0.26613364277188634
0.4539962721122943,0.6301532606266167
0.4497266676241114,0.3731549540639353
0.4090196117147904,0.23255647063860363
0.442534042977079,0.3663602462063536
0.4368807153691607,0.13887416643432585
0.48449528843505935,0.6715748691226007
0.4401721774075737,0.2748741392413257
0.5000390342939285,0.6836837508654583
0.490248226854592,0.6677246080058103
0.4405930055899356,0.269723122105452
0.5011490967759266,0.6901520508178014
0.4945329675482792,0.6956955627171789
0.44218644732974766,0.3567453285233373
0.43715142574261934,0.13621771510218256
0.48620720615955126,0.6781069681673663
0.4429680649126358,0.29919237820911654
0.496241002467743,0.6503289071512636
0.489601567126685,0.6606877600964479
0.44306041795448875,0.2850354319771886
0.49830995619779395,0.660576078885565
0.4956712538280819,0.6968899280320842
0.4527371876519382,0.6980736424332206
0.44484889909319847,0.36041497351300705
0.41486978786740314,0.33143813773486974
0.4525328980371004,0.5928041993400368
0.44752261771504515,0.3269931000185171
0.4100653049396776,0.2317905984372901
0.45309798465544693,0.6034160895840398
0.4486421828478757,0.3422383670705749
0.40944450449049746,0.2268435263610647
0.44093960021329404,0.32416695984462945
0.4950391751825689,0.6641232936512877
0.48399187806977595,0.6612743413086978
0.4405602119397335,0.24689357605812567
0.49933973503674894,0.6548934733630639
0.4906262573897509,0.6604803501938865
0.44124475821038234,0.2601765429893022
0.4991671344772006,0.660951604162466
0.4870181310216706,0.9332922868561094
0.4406321138936816,0.3153622798064283
0.43516642681604956,0.0948600429002767
0.40422692034288943,0.06967735361538789
0.44054618378770977,0.24643941513207024
0.49812566627336446,0.6392071013217654
0.4904919673487361,0.6583647783646958
0.44095562650588177,0.25177501936412383
0.49880020040221057,0.6492973877923812
0.4880742581947856,0.9374229605975105
0.45252367714710184,0.6780890342559672
0.4452139290293364,0.3536030843795725
0.41388997456021576,0.31317934887486015
0.4516428430019039,0.5701858640319102
0.4459701942955921,0.3075818445344108
0.40997310462538644,0.21892958171609606
0.4519699166260632,0.5603114550492846
0.44748636695585536,0.3156479241650014
0.4082077918878135,0.19537957854495303
0.440511647548635,0.30391298540215156
0.49711731838756745,0.6741859987328724
0.4858706460908589,0.6634699156512446
0.4385576265444105,0.22405582366828222
0.5023678341510247,0.6791600581388316
0.4915712725833216,0.6647478372823782
0.43879223596271155,0.2168910855242006
0.5031792777440531,0.6829907404410883
0.48878189302751474,0.9260324387764207
0.4404846644010242,0.30330183080227413
0.49598643420341215,0.6594317460780741
0.4858448865210198,0.6624599819891853
0.44126905726302273,0.24679691410452204
0.49890666171434533,0.648202466357057
0.4860358013615072,0.9093251583994428
0.4415062715440399,0.2395703782830405
0.499853353482815,0.6532853393654025
0.48852250655945045,0.9297934321672776
0.45255278585741243,0.6742800753148045
0.4457273355205695,0.3558552997185789
0.413208320554024,0.3051750400682976
0.4516488778312761,0.5702747484604663
0.44597901754746266,0.30770735626820633
0.4099712466517135,0.2189320236484158
0.45200149758597147,0.5565225716775896
0.4480098601371674,0.3179058170739042
0.40744275398339214,0.18738574296314572
0.440783729333179,0.3080052370508122
0.4970792783672801,0.675233327937598
0.48639345313988136,0.6680828097482446
0.4385657990282461,0.2241447080968374
0.5022150200956319,0.6770492353558538
0.48629940752222345,0.9053530761408088
0.43908686984147977,0.22100341274232668
0.5031621692111299,0.6843310149240273
0.48924376857793545,0.931734123926994
0.44048933558021885,0.29946553129990894
0.4967686446294165,0.6642516629686437
0.4879040752443791,0.6738241387769941
0.4412708357146291,0.24683103981133467
0.49883322274161696,0.6470079751386447
0.4860132872873134,0.9087598133868691
0.4415142986447,0.2357420173096565
0.5006471111989756,0.6583470879085873
0.49012977891711434,0.9418932243967109
0.4525527858574126,0.6742800753148032
0.4457273355205689,0.35585529971857954
0.4132083205540233,0.30517504006829865
0.45164887783127605,0.570274748460466
0.445979017547462,0.30770735626820633
0.4099712466517133,0.2189320236484165
0.45200149758597186,0.5565225716775879
0.4480098601371669,0.31790581707390453
0.40744275398339197,0.18738574296314606
0.44078372933317883,0.3080052370508125
0.4970792783672798,0.6752333279375998
0.4863934531398808,0.6680828097482466
0.4385657990282462,0.22414470809683773
0.5022150200956316,0.6770492353558555
0.48629940752222384,0.9053530761408078
0.4390868698414797,0.22100341274232754
0.5031621692111302,0.6843310149240269
0.4892437685779353,0.931734123926994
0.4404893355802189,0.2994655312999082
0.4967686446294166,0.6642516629686437
0.48790407524437956,0.6738241387769938
0.4412708357146294,0.246831039811334
0.4988332227416168,0.6470079751386454
0.48601328728731397,0.9087598133868666
0.44151429864470015,0.2357420173096565
0.5006471111989758,0.658347087908587
0.4901297789171149,0.9418932243967094
0.4507538884508835,0.5804416548276808
0.4434818470804442,0.27979779619129
0.4118343437578736,0.24208336759911303
0.4499140800265394,0.4817678791453392
0.4455430475233065,0.24733056156425046
0.40716078033065844,0.15354964775732724
0.45011004917867475,0.4871720482759626
0.44620868472078706,0.2568068292818456
0.40659927511028465,0.1496625436296219
0.4394346596016491,0.24498359309399406
0.5000812142995161,0.667110316510086
0.4852361697554734,0.8663514840254453
0.43856689013189015,0.17292291600420157
0.5038282216334078,0.6559924106363128
0.4899015956654488,0.8534122946574637
0.43900955330983427,0.18262013235005
0.5033033476129994,0.8758152684470282
0.4901647692829554,0.9107904257409427
0.4390051260336383,0.23619288615347467
0.4340900084804732,0.03990087078304678
0.4021177576179294,0.011114860274377242
0.43855247941830816,0.17249434968583313
0.5029275459822018,0.6446902236657667
0.4900241264239437,0.8541640645319682
0.43858733004875394,0.17419897675616364
0.503075680261039,0.8661924322410995
0.49134834771208613,0.9172670174997921
0.4504488184903838,0.5618807272885923
0.4437614435655734,0.27338914490765653
0.41088028626499545,0.22583512194273386
0.4491424385395431,0.4618323844442112
0.44409566075119605,0.23003663520087964
0.4071593660445121,0.14227482911491318
0.4489855465876268,0.4482069577974264
0.44505532697252315,0.23276022944183145
0.40549601787612183,0.12182277284336487
0.43890780812576297,0.22617297967400865
0.501807744067134,0.6739366971053662
0.48643462049699765,0.8637088647340875
0.43674397691983413,0.15278510493411557
0.5061556801629428,0.6740421277186693
0.49019294154681925,0.8464528870700998
0.4366160668129048,0.143490685594405
0.5057515472766038,0.8811395731255671
0.4914395076756191,0.9004576957522036
0.4388815107938449,0.22560293754881777
0.5010040231530933,0.6636799020203891
0.4866687522166501,0.865561827506231
0.4392748233874597,0.17282407113691797
0.5033229459110569,0.8718427692190758
0.48941242322398076,0.8911569236094736
0.439158032426695,0.16347008136426755
0.5038282675476915,0.8685236384003161
0.49165199614418903,0.9086919679067936
0.4503126518292529,0.5569944003392993
0.44407213639028936,0.27402749401493603
0.41023763667690966,0.21888370215174532
0.44914812852988445,0.4619118840888006
0.44410370716429975,0.2301471737536599
0.4071577130302774,0.1422779528980236
0.4488377028430323,0.4433351897752513
0.4453744611641284,0.23340079713664136
0.40478079910557735,0.1148803004421104
0.43909465711682605,0.22923489372583436
0.5017415714777367,0.6743631620167476
0.486868760559131,0.8687091804803904
0.43675155946571315,0.15286460457870374
0.5052183846131403,0.8836818900163789
0.4891963038387057,0.8827141596434228
0.4368201959867154,0.14656715857334943
0.5056682742062509,0.8804730386376278
0.4918572744224898,0.9055172540693422
0.4386754364895657,0.2206912560624901
0.5016887021584269,0.6672996662711674
0.4882621151332367,0.8756541664360801
0.43927646449246505,0.17285458464938458
0.5032585490143459,0.8706729990129073
0.489391617192631,0.8906132198113568
0.438944544356624,0.15856422531680966
0.5042872491797219,0.8693265932988858
0.49310147821398137,0.9192142117210254
0.45031265182925273,0.5569944003392978
0.44407213639028936,0.27402749401493504
0.4102376366769093,0.218883702151746
0.44914812852988406,0.46191188408880196
0.44410370716429953,0.2301471737536616
0.4071577130302771,0.14227795289802447
0.4488377028430323,0.44333518977525266
0.445374461164128,0.23340079713664205
0.4047807991055776,0.1148803004421104
0.43909465711682627,0.2292348937258342
0.5017415714777365,0.674363162016748
0.48686876055913103,0.8687091804803887
0.4367515594657132,0.1528646045787034
0.5052183846131403,0.8836818900163775
0.48919630383870577,0.8827141596434228
0.4368201959867149,0.14656715857335095
0.5056682742062512,0.8804730386376265
0.49185727442248994,0.9055172540693416
0.438675436489566,0.22069125606248977
0.5016887021584268,0.6672996662711681
0.48826211513323714,0.8756541664360794
0.4392764644924653,0.17285458464938475
0.5032585490143462,0.8706729990129066
0.48939161719263086,0.8906132198113571
0.43894454435662417,0.15856422531680966
0.5042872491797223,0.8693265932988855
0.4931014782139816,0.9192142117210257
0.4506818193904506,0.5644121503496351
0.44361188798001483,0.2717766092165225
0.4113370460205583,0.22603571492329028
0.44977506552235624,0.4641609024593857
0.44551925747107873,0.2357100752500005
0.40645018422090523,0.13585039794739864
0.4498780246272985,0.46496164229398773
0.4461758886168401,0.24269623486290745
0.4056161271495826,0.12733610958624142
0.439403377318745,0.234418042162347
0.5001477942174472,0.649930733181774
0.48557721168537876,0.8799221333939188
0.4384860910899805,0.16131000823896396
0.503663275460159,0.6360983590561772
0.490048726715518,0.8616267702832365
0.4388652583710668,0.1679710592997205
0.5038254564435459,0.8881231046898074
0.49040604820990796,0.8960636290652317
0.4389328120521538,0.22509323006116816
0.43418866787948907,0.0342610562210947
0.40171679650828057,0.0
0.4384707563813313,0.16088273015986618
0.5027522367166681,0.6247960416770919
0.4901704388000791,0.8623845592672762
0.43839900360139006,0.1590223523400492
0.5036491934167775,0.8785334319449895
0.49158304429264293,0.9020066945300116
0.4503736794699869,0.5458421597652486
0.4438606156740409,0.2648438286170451
0.4103655565846991,0.20976844982735723
0.44902237672131046,0.4447482618798354
0.4440943648724138,0.21893474588385872
0.40649516788732104,0.12510616806299535
0.4487625869172074,0.42650423543870386
0.4450117809533399,0.21864457813819765
0.40452583430123207,0.09999719850312101
0.43887251193730187,0.21559719680226092
0.5018248207630894,0.6561989125874012
0.486715273674994,0.8761821902694028
0.4366859584530871,0.1416930935597761
0.5060898564758619,0.6552253484474414
0.49033959422893525,0.8546755271226519
0.4364822728638197,0.1293502002630407
0.5062496344317368,0.8929239185222541
0.49170265786719924,0.8862339221829091
0.43884506348642327,0.21502739932501608
0.5010138646586212,0.6459423872744496
0.48694746551131574,0.8780407825806464
0.4391990602734419,0.16121528069674929
0.503718440996578,0.8840676997181075
0.4896258997545486,0.8794912020225658
0.4390130915344752,0.14881429644943447
0.5043971964084535,0.8808635888653108
0.4919025863590141,0.8939505698440272
0.4501812907597953,0.5394040556686397
0.4441378427250778,0.26446917362217204
0.4096013358872788,0.20124711142353224
0.4490280545629062,0.4448299680872756
0.4441020939162741,0.21904317774122928
0.4064940013462316,0.12511445670237015
0.44855222006552964,0.42008031844917193
0.44529875671273883,0.21827314145338553
0.4036663563601023,0.09148233582258504
0.43901950853439087,0.21763787199320875
0.5017221908868248,0.6561060930778156
0.487139574429245,0.8801519669608568
0.4366935326725916,0.1417747997672129
0.5055445630610818,0.8953537683013687
0.48942297172293064,0.8715676765722447
0.4366433995340421,0.13140506256106224
0.5062103751918373,0.8922867027126709
0.4921181469280123,0.8902608337265299
0.4385585881997555,0.20856266167592136
0.5016040283833317,0.648484922190424
0.48847209946409154,0.8860023152738526
0.43920064916063223,0.16124656241077912
0.5036545779272078,0.88289718912526
0.4896050350510635,0.8789494411379742
0.43871468868713887,0.1423552078601859
0.5049449945717449,0.8817321894080224
0.49334365135369773,0.9028990800376432
0.4501812907597951,0.5394040556686384
0.4441378427250774,0.26446917362217276
0.4096013358872788,0.20124711142353277
0.4490280545629055,0.444829968087276
0.44410209391627353,0.219043177741231
0.40649400134623126,0.12511445670237084
0.44855222006552997,0.4200803184491699
0.4452987567127384,0.21827314145338655
0.40366635636010256,0.09148233582258572
0.43901950853439087,0.21763787199320944
0.5017221908868247,0.6561060930778166
0.48713957442924516,0.8801519669608554
0.4366935326725917,0.14177479976721377
0.5055445630610816,0.8953537683013677
0.48942297172293087,0.8715676765722437
0.4366433995340419,0.13140506256106343
0.5062103751918378,0.8922867027126671
0.4921181469280125,0.8902608337265274
0.4385585881997558,0.2085626616759207
0.5016040283833318,0.648484922190424
0.4884720994640917,0.886002315273851
0.43920064916063256,0.16124656241077961
0.5036545779272077,0.88289718912526
0.48960503505106345,0.8789494411379735
0.43871468868713864,0.14235520786018693
0.5049449945717451,0.8817321894080218
0.493343651353698,0.9028990800376422
