0.875,0.0
0.875,0.07303975817516162
0.875,0.13274721805501016
0.875,0.0011212266429120811
0.875,0.09676184054196135
0.875,0.13911824918544663
0.875,0.0025433222219906288
0.875,0.1376738942678223
0.875,0.14054034476452518
0.875,0.13088344737727498
0.875,0.3066715074973257
0.875,0.5101508368065621
0.875,0.13286579680487612
0.875,0.3636091914340429
0.875,0.517382990721687
0.875,0.13945233733563492
0.875,0.5035984951117691
0.875,0.5239695312524463
0.875,0.08477509561395263
0.875,0.24407893002413344
0.875,0.34600743678229473
0.875,0.13247915623856746
0.875,0.3664252595189038
0.875,0.506314562316996
0.875,0.13857366105015823
0.875,0.5025120003942495
0.875,0.5124090671285866
0.875,9.096956585685415E-4
0.875,0.07496254709774137
0.875,0.13922864777501767
0.875,0.0019412083184971122
0.875,0.13212559879923713
0.875,0.14089745016933278
0.875,0.0028094462814144
0.875,0.13860727467567813
0.875,0.14176568813225007
0.875,0.13179314303584352
0.875,0.3085942964199055
0.875,0.5166322665265698
0.875,0.133685778480461
0.875,0.39897294969131913
0.875,0.5191621917055746
0.875,0.13971846139505867
0.875,0.5045318755196259
0.875,0.5251948746201719
0.875,0.13197449573494757
0.875,0.3134911958965808
0.875,0.509065324575159
0.875,0.13899270080749376
0.875,0.49772082504210274
0.875,0.523045214679134
0.875,0.14040380825306978
0.875,0.5102139798128449
0.875,0.5244563221247097
0.875,0.0010299727793525218
0.875,0.07572479173320164
0.875,0.13934892489580167
0.875,0.0026767599689834984
0.875,0.1376326577142536
0.875,0.1416330018198193
0.875,0.0029297234021983805
0.875,0.13936951931113853
0.875,0.14188596525303404
0.875,0.1326364179657049
0.875,0.3146592588893561
0.875,0.5174755414564314
0.875,0.13927386768987873
0.875,0.49894593469550974
0.875,0.5247502809149919
0.875,0.14056173632492033
0.875,0.5105968379890766
0.875,0.5260381495500335
0.875,0.13209477285573157
0.875,0.3142534405320411
0.875,0.5091856016959428
0.875,0.1397282524579803
0.875,0.5032278839571189
0.875,0.5237807663296202
0.875,0.14052408537385375
0.875,0.5109762244483051
0.875,0.5245765992454937
0.875,0.0010299727793525218
0.875,0.07572479173320164
0.875,0.13934892489580167
0.875,0.0026767599689834984
0.875,0.1376326577142536
0.875,0.1416330018198193
0.875,0.0029297234021983805
0.875,0.13936951931113853
0.875,0.14188596525303404
0.875,0.1326364179657049
0.875,0.3146592588893561
0.875,0.5174755414564314
0.875,0.13927386768987873
0.875,0.49894593469550974
0.875,0.5247502809149919
0.875,0.14056173632492033
0.875,0.5105968379890766
0.875,0.5260381495500335
0.875,0.13209477285573157
0.875,0.3142534405320411
0.875,0.5091856016959428
0.875,0.1397282524579803
0.875,0.5032278839571189
0.875,0.5237807663296202
0.875,0.14052408537385375
0.875,0.5109762244483051
0.875,0.5245765992454937
0.875,7.600663675202063E-4
0.875,0.10138091951190627
0.875,0.1362690858957352
0.875,0.002194973427376144
0.875,0.11608834728921025
0.875,0.14483576670709536
0.875,0.0037466230581031305
0.875,0.1431457554943114
0.875,0.14638741633782235
0.875,0.1351687017479598
0.875,0.3865840793739921
0.875,0.430155898293707
0.875,0.13759665648246366
0.875,0.4217363875545334
0.875,0.43971562677971576
0.875,0.14531925330848958
0.875,0.4633447277439177
0.875,0.44743822360574165
0.875,0.0868878162849448
0.875,0.2916746792924832
0.875,0.3580325803600276
0.875,0.136859839581707
0.875,0.42442091889884714
0.875,0.46568285381392577
0.875,0.14400652149315263
0.875,0.4607861266050269
0.875,0.4728295357253714
0.875,0.001984483568185872
0.875,0.10441183579704706
0.875,0.14506727451804166
0.875,0.0031305693412169533
0.875,0.13671894402514947
0.875,0.1470824752895371
0.875,0.004079399048069148
0.875,0.14435878294928198
0.875,0.1480313049963893
0.875,0.13639311894862532
0.875,0.38961499565913305
0.875,0.4389540869160144
0.875,0.13853225239630448
0.875,0.44236698429047266
0.875,0.44196233536215734
0.875,0.14565202929845544
0.875,0.46455775519888787
0.875,0.44908211226430833
0.875,0.13642609110257317
0.875,0.3954700188346151
0.875,0.46649054310338095
0.875,0.1448217315427657
0.875,0.4800457815881266
0.875,0.4614517973661464
0.875,0.14641363733322568
0.875,0.471857772892419
0.875,0.46304370315660665
0.875,0.002114834577105063
0.875,0.1052832820078134
0.875,0.14519762552696083
0.875,0.00393529260802862
0.875,0.14321671869091898
0.875,0.14788719855634863
0.875,0.004209750056988339
0.875,0.14523022916004846
0.875,0.1481616560053085
0.875,0.13736931959383106
0.875,0.39746709839314637
0.875,0.43993028756122
0.875,0.14513478149651307
0.875,0.48098106260040757
0.875,0.44856486446236626
0.875,0.14662822994366104
0.875,0.47240985793290113
0.875,0.4500583129095142
0.875,0.13655644211149237
0.875,0.39634146504538154
0.875,0.4666208941123001
0.875,0.14562645480957723
0.875,0.4865435562538964
0.875,0.4622565206329582
0.875,0.14654398834214488
0.875,0.47272921910318544
0.875,0.4631740541655259
0.875,0.002114834577105063
0.875,0.1052832820078134
0.875,0.14519762552696083
0.875,0.00393529260802862
0.875,0.14321671869091898
0.875,0.14788719855634863
0.875,0.004209750056988339
0.875,0.14523022916004846
0.875,0.1481616560053085
0.875,0.13736931959383106
0.875,0.39746709839314637
0.875,0.43993028756122
0.875,0.14513478149651307
0.875,0.48098106260040757
0.875,0.44856486446236626
0.875,0.14662822994366104
0.875,0.47240985793290113
0.875,0.4500583129095142
0.875,0.13655644211149237
0.875,0.39634146504538154
0.875,0.4666208941123001
0.875,0.14562645480957723
0.875,0.4865435562538964
0.875,0.4622565206329582
0.875,0.14654398834214488
0.875,0.47272921910318544
0.875,0.4631740541655259
0.875,0.05374539487382122
0.875,0.18841683449066188
0.875,0.2913313084242326
0.875,0.05745741977029516
0.875,0.22600540868238106
0.875,0.209084747719534
0.875,0.06282162129059549
0.875,0.20237194240935744
0.875,0.2144489492398342
0.875,0.28349543512241476
0.875,0.6443971310591079
0.875,0.5500745134837799
0.875,0.29080770241080395
0.875,0.745229758032796
0.875,0.7347058699479821
0.875,0.20937694871562293
0.875,0.8011121863744161
0.875,0.8482392334354573
0.875,0.1928647941787534
0.875,0.4969045471503974
0.875,0.5122111505650842
0.875,0.2894224388059572
0.875,0.6824078271149504
0.875,0.8065032185319781
0.875,0.2054706546718692
0.875,0.8133472347757139
0.875,0.9214063805723968
0.875,0.056872553010901425
0.875,0.19599812501978062
0.875,0.20523496747785072
0.875,0.06031792161445157
0.875,0.2872764229034292
0.875,0.1738914034910058
0.875,0.063695222464007
0.875,0.20584000261131144
0.875,0.17726870434056108
0.875,0.28662259325949485
0.875,0.6519784215882262
0.875,0.664568872125472
0.875,0.2936682042549605
0.875,0.806500772253846
0.875,0.7776891603540858
0.875,0.21025054988903458
0.875,0.8442941486006943
0.875,0.8402278927254639
0.875,0.288096564860267
0.875,0.5958506895963005
0.875,0.7146260618013689
0.875,0.24564401407928255
0.875,0.889203207211544
0.875,0.8597987251355542
0.875,0.21369421018368545
0.875,0.8973839799478047
0.875,0.854647486531559
0.875,0.05727034140729476
0.875,0.19909586327466713
0.875,0.20563275587424393
0.875,0.06323780661802168
0.875,0.23890737685625668
0.875,0.17681128849457578
0.875,0.06409301086040019
0.875,0.2089377408661978
0.875,0.17766649273695456
0.875,0.2906488015393188
0.875,0.6008956430123948
0.875,0.6609183086759546
0.875,0.2462276282327254
0.875,0.9491830244062894
0.875,0.839565899777811
0.875,0.21427675816885855
0.875,0.8910326807538266
0.875,0.8365773292759465
0.875,0.28849435325666034
0.875,0.5989484278511874
0.875,0.7138753376604032
0.875,0.24856389908285267
0.875,0.932389445615811
0.875,0.8555155343395144
0.875,0.21409199858007893
0.875,0.8893084725562841
0.875,0.8538967623905935
0.875,0.05727034140729476
0.875,0.19909586327466713
0.875,0.20563275587424393
0.875,0.06323780661802168
0.875,0.23890737685625668
0.875,0.17681128849457578
0.875,0.06409301086040019
0.875,0.2089377408661978
0.875,0.17766649273695456
0.875,0.2906488015393188
0.875,0.6008956430123948
0.875,0.6609183086759546
0.875,0.2462276282327254
0.875,0.9491830244062894
0.875,0.839565899777811
0.875,0.21427675816885855
0.875,0.8910326807538266
0.875,0.8365773292759465
0.875,0.28849435325666034
0.875,0.5989484278511874
0.875,0.7138753376604032
0.875,0.24856389908285267
0.875,0.932389445615811
0.875,0.8555155343395144
0.875,0.21409199858007893
0.875,0.8893084725562841
0.875,0.8538967623905935
0.875,0.05374539487382122
0.875,0.18841683449066188
0.875,0.2913313084242326
0.875,0.05745741977029516
0.875,0.22600540868238106
0.875,0.209084747719534
0.875,0.06282162129059549
0.875,0.20237194240935744
0.875,0.2144489492398342
0.875,0.28349543512241476
0.875,0.6443971310591079
0.875,0.5742782962991674
0.875,0.29080770241080395
0.875,0.745229758032796
0.875,0.7625089010452905
0.875,0.20937694871562293
0.875,0.8295779395713028
0.875,0.8619893302212489
0.875,0.1928647941787534
0.875,0.4969045471503974
0.875,0.5122111505650842
0.875,0.2894224388059572
0.875,0.6824078271149504
0.875,0.8340164283840178
0.875,0.2054706546718692
0.875,0.8436074687682862
0.875,0.9355527650081917
0.875,0.056872553010901425
0.875,0.19599812501978062
0.875,0.20523496747785072
0.875,0.06031792161445157
0.875,0.2872764229034292
0.875,0.1738914034910058
0.875,0.063695222464007
0.875,0.20584000261131144
0.875,0.17726870434056108
0.875,0.28662259325949485
0.875,0.6519784215882262
0.875,0.694120230792353
0.875,0.2936682042549605
0.875,0.806500772253846
0.875,0.8032984081071926
0.875,0.21025054988903458
0.875,0.8727585531007752
0.875,0.8535414928348604
0.875,0.288096564860267
0.875,0.5958506895963005
0.875,0.7437764532384947
0.875,0.24564401407928255
0.875,0.9161649576888535
0.875,0.8760557048145498
0.875,0.21369421018368545
0.875,0.9271128321742205
0.875,0.8668027249685925
0.875,0.05727034140729476
0.875,0.19909586327466713
0.875,0.20563275587424393
0.875,0.06323780661802168
0.875,0.23890737685625668
0.875,0.17681128849457578
0.875,0.06409301086040019
0.875,0.2089377408661978
0.875,0.17766649273695456
0.875,0.2906488015393188
0.875,0.6008956430123948
0.875,0.6891034049582838
0.875,0.2462276282327254
0.875,0.9773885689513557
0.875,0.8537881382277248
0.875,0.21427675816885855
0.875,0.9208284510840837
0.875,0.8485246670007912
0.875,0.28849435325666034
0.875,0.5989484278511874
0.875,0.7426840829659934
0.875,0.24856389908285267
0.875,0.9614152323380876
0.875,0.8689179184748087
0.875,0.21409199858007893
0.875,0.9193440743598602
0.875,0.8657103546960911
0.875,0.05727034140729476
0.875,0.19909586327466713
0.875,0.20563275587424393
0.875,0.06323780661802168
0.875,0.23890737685625668
0.875,0.17681128849457578
0.875,0.06409301086040019
0.875,0.2089377408661978
0.875,0.17766649273695456
0.875,0.2906488015393188
0.875,0.6008956430123948
0.875,0.6891034049582838
0.875,0.2462276282327254
0.875,0.9773885689513557
0.875,0.8537881382277248
0.875,0.21427675816885855
0.875,0.9208284510840837
0.875,0.8485246670007912
0.875,0.28849435325666034
0.875,0.5989484278511874
0.875,0.7426840829659934
0.875,0.24856389908285267
0.875,0.9614152323380876
0.875,0.8689179184748087
0.875,0.21409199858007893
0.875,0.9193440743598602
0.875,0.8657103546960911
0.875,4.5657694330867346E-4
0.875,0.07390960567432497
0.875,0.13596559647152368
0.875,0.0018062948695070848
0.875,0.09828229075007065
0.875,0.1444470881492263
0.875,0.0036399803024742563
0.875,0.14250053624092893
0.875,0.1462807735821935
0.875,0.13321366272579482
0.875,0.3106682374781551
0.875,0.42820085927154183
0.875,0.1356873633049787
0.875,0.36959894640187774
0.875,0.43780633360223065
0.875,0.14474896294993972
0.875,0.4596100173791544
0.875,0.44686793324719165
0.875,0.08613138717566209
0.875,0.24728323621448572
0.875,0.3572761512507449
0.875,0.13529150634368536
0.875,0.37404618837925796
0.875,0.464114520575904
0.875,0.14367957027314462
0.875,0.45851430626665
0.875,0.4725025845053634
0.875,0.0015403599116582617
0.875,0.07615306501532064
0.875,0.14462315086151403
0.875,0.0028318833953637564
0.875,0.1346843478615251
0.875,0.1467837893436839
0.875,0.00396512810353467
0.875,0.14363952349905623
0.875,0.14791703405185483
0.875,0.13429744569414429
0.875,0.3129116968191507
0.875,0.43685841366153333
0.875,0.13671295183083537
0.875,0.40600100351333235
0.875,0.4401430347966881
0.875,0.145074110751
0.875,0.4607490046372816
0.875,0.4485041937168529
0.875,0.13463644022194754
0.875,0.31979788212076105
0.875,0.4647008922227552
0.875,0.1441062584830233
0.875,0.47394690993267824
0.875,0.46073632430640415
0.875,0.14601419793793052
0.875,0.4685174932556561
0.875,0.46264426376131135
0.875,0.0016939491149666887
0.875,0.07713933812462362
0.875,0.14477674006482247
0.875,0.0037914635196930027
0.875,0.14225629564160475
0.875,0.14774336946801303
0.875,0.004118717306843097
0.875,0.14462579660835936
0.875,0.14807062325516326
0.875,0.1354287730354498
0.875,0.32110557209126583
0.875,0.4379897410028386
0.875,0.1444299538429174
0.875,0.4754150181673111
0.875,0.4478600368087703
0.875,0.14620543809230555
0.875,0.4689428799093969
0.875,0.4496355210581584
0.875,0.13479002942525597
0.875,0.3207841552300642
0.875,0.4648544814260636
0.875,0.14506583860735256
0.875,0.481518857712758
0.875,0.46169590443073355
0.875,0.14616778714123893
0.875,0.46950376636495894
0.875,0.4627978529646198
0.875,0.0016939491149666887
0.875,0.07713933812462362
0.875,0.14477674006482247
0.875,0.0037914635196930027
0.875,0.14225629564160475
0.875,0.14774336946801303
0.875,0.004118717306843097
0.875,0.14462579660835936
0.875,0.14807062325516326
0.875,0.1354287730354498
0.875,0.32110557209126583
0.875,0.4379897410028386
0.875,0.1444299538429174
0.875,0.4754150181673111
0.875,0.4478600368087703
0.875,0.14620543809230555
0.875,0.4689428799093969
0.875,0.4496355210581584
0.875,0.13479002942525597
0.875,0.3207841552300642
0.875,0.4648544814260636
0.875,0.14506583860735256
0.875,0.481518857712758
0.875,0.46169590443073355
0.875,0.14616778714123893
0.875,0.46950376636495894
0.875,0.4627978529646198
0.875,0.05331119047623033
0.875,0.18596594978766073
0.875,0.28970071203850367
0.875,0.05681972836989712
0.875,0.22228317984945042
0.875,0.243861122068676
0.875,0.062400423976813606
0.875,0.23715017591683438
0.875,0.24944181767559234
0.875,0.2795436392143995
0.875,0.6208507512951039
0.875,0.5299623422328122
0.875,0.2866443375461847
0.875,0.7174704244773642
0.875,0.707674345493846
0.875,0.2438548653975414
0.875,0.7734605699332125
0.875,0.8100965859111262
0.875,0.19152492820012368
0.875,0.4881423123264748
0.875,0.5707008157428016
0.875,0.2858983042504433
0.875,0.6873645288380049
0.875,0.7775740593236826
0.875,0.24059413052307965
0.875,0.7843835911029141
0.875,0.8814186042195148
0.875,0.05617806314272145
0.875,0.19209754128942055
0.875,0.24126857319569417
0.875,0.05971631967919663
0.875,0.28319798817091274
0.875,0.22372478665973097
0.875,0.06323597561144519
0.875,0.24032419876726435
0.875,0.22724444259197954
0.875,0.28241051188089106
0.875,0.6269823427968647
0.875,0.6420674233887008
0.875,0.2895409288554846
0.875,0.7783852327988268
0.875,0.7470330500457371
0.875,0.24469041703217326
0.875,0.8129976247559033
0.875,0.8024523673473828
0.875,0.2842863477230581
0.875,0.60209027278061
0.875,0.6915814265092907
0.875,0.2660081408630741
0.875,0.8585732778479206
0.875,0.8221475055918226
0.875,0.24821971480802832
0.875,0.8595963150110598
0.875,0.8167125433358415
0.875,0.056594235574815174
0.875,0.19520281198248618
0.875,0.24168474562778788
0.875,0.06275486742830746
0.875,0.2593488468340098
0.875,0.2267633344088418
0.875,0.0636521480435389
0.875,0.24342946946032987
0.875,0.22766061502407325
0.875,0.28644022369035615
0.875,0.6053072162101656
0.875,0.638352394379329
0.875,0.266616228634981
0.875,0.9117046680813355
0.875,0.8019466111123376
0.875,0.2487201288416382
0.875,0.8534156256155382
0.875,0.7987373383380106
0.875,0.28470252015515185
0.875,0.6051955434736755
0.875,0.6907966060405436
0.875,0.26904668861218495
0.875,0.8948851845304144
0.875,0.8177146911628688
0.875,0.24863588724012203
0.875,0.8515451886950353
0.875,0.8159277228670947
0.875,0.056594235574815174
0.875,0.19520281198248618
0.875,0.24168474562778788
0.875,0.06275486742830746
0.875,0.2593488468340098
0.875,0.2267633344088418
0.875,0.0636521480435389
0.875,0.24342946946032987
0.875,0.22766061502407325
0.875,0.28644022369035615
0.875,0.6053072162101656
0.875,0.638352394379329
0.875,0.266616228634981
0.875,0.9117046680813355
0.875,0.8019466111123376
0.875,0.2487201288416382
0.875,0.8534156256155382
0.875,0.7987373383380106
0.875,0.28470252015515185
0.875,0.6051955434736755
0.875,0.6907966060405436
0.875,0.26904668861218495
0.875,0.8948851845304144
0.875,0.8177146911628688
0.875,0.24863588724012203
0.875,0.8515451886950353
0.875,0.8159277228670947
0.875,0.054201971817130316
0.875,0.18928668198982582
0.875,0.2945496868407465
0.875,0.058142487996890584
0.875,0.2275258588904911
0.875,0.2144135866833144
0.875,0.06391827937107926
0.875,0.20719858438246463
0.875,0.22018937805750308
0.875,0.2858256504709349
0.875,0.6483938610399372
0.875,0.5241496742256982
0.875,0.29362926891090707
0.875,0.7512195130006325
0.875,0.7013664134179841
0.875,0.2146735743299279
0.875,0.7657862280112115
0.875,0.8084827688266016
0.875,0.19422108574046343
0.875,0.500108853340751
0.875,0.5234798650335347
0.875,0.2922347889110757
0.875,0.6900287559753057
0.875,0.7716011218616988
0.875,0.21057656389485602
0.875,0.777629318033852
0.875,0.8799086526117772
0.875,0.0575032172639903
0.875,0.1971886429373592
0.875,0.2106294705643468
0.875,0.06120859669131751
0.875,0.28983517196571695
0.875,0.1797777426653565
0.875,0.06485090428612669
0.875,0.21087225143468927
0.875,0.18342005026016542
0.875,0.2891268959177956
0.875,0.656295821987472
0.875,0.6348643860979207
0.875,0.29669537760533443
0.875,0.8135288260758581
0.875,0.7416763126867709
0.875,0.21560619924497534
0.875,0.8060519214076302
0.875,0.800962017427109
0.875,0.290758509347267
0.875,0.6021573758204815
0.875,0.6846399046065653
0.875,0.25075757175481195
0.875,0.8495245397174397
0.875,0.8199831750226364
0.875,0.21930459986854592
0.875,0.8554034764386104
0.875,0.8156705216560908
0.875,0.05793431774290808
0.875,0.20051040966608855
0.875,0.2110605710432646
0.875,0.06435251016873049
0.875,0.24353101478360767
0.875,0.1829216561427692
0.875,0.06528200476504448
0.875,0.21419401816341835
0.875,0.1838511507390832
0.875,0.29344115660906356
0.875,0.6073419562143053
0.875,0.6316573672563619
0.875,0.2513837143857636
0.875,0.9050019900129739
0.875,0.8002969422286219
0.875,0.21992045993624332
0.875,0.849534343678888
0.875,0.7977549985855499
0.875,0.2911896098261848
0.875,0.605479142549211
0.875,0.6839793885211989
0.875,0.25390148523222467
0.875,0.8896719132776131
0.875,0.8163607738723352
0.875,0.2197357003474637
0.875,0.8479887586928282
0.875,0.8150100055707246
0.875,0.05793431774290808
0.875,0.20051040966608855
0.875,0.2110605710432646
0.875,0.06435251016873049
0.875,0.24353101478360767
0.875,0.1829216561427692
0.875,0.06528200476504448
0.875,0.21419401816341835
0.875,0.1838511507390832
0.875,0.29344115660906356
0.875,0.6073419562143053
0.875,0.6316573672563619
0.875,0.2513837143857636
0.875,0.9050019900129739
0.875,0.8002969422286219
0.875,0.21992045993624332
0.875,0.849534343678888
0.875,0.7977549985855499
0.875,0.2911896098261848
0.875,0.605479142549211
0.875,0.6839793885211989
0.875,0.25390148523222467
0.875,0.8896719132776131
0.875,0.8163607738723352
0.875,0.2197357003474637
0.875,0.8479887586928282
0.875,0.8150100055707246
0.875,0.054201971817130316
0.875,0.18928668198982582
0.875,0.2945496868407465
0.875,0.058142487996890584
0.875,0.2275258588904911
0.875,0.2144135866833144
0.875,0.06391827937107926
0.875,0.20719858438246463
0.875,0.22018937805750308
0.875,0.2858256504709349
0.875,0.6483938610399372
0.875,0.5483534570410857
0.875,0.29362926891090707
0.875,0.7512195130006325
0.875,0.7291694445152926
0.875,0.2146735743299279
0.875,0.7942519812080975
0.875,0.8222328656123933
0.875,0.19422108574046343
0.875,0.500108853340751
0.875,0.5234798650335347
0.875,0.2922347889110757
0.875,0.6900287559753057
0.875,0.7991143317137377
0.875,0.21057656389485602
0.875,0.8078895520264232
0.875,0.8940550370475718
0.875,0.0575032172639903
0.875,0.1971886429373592
0.875,0.2106294705643468
0.875,0.06120859669131751
0.875,0.28983517196571695
0.875,0.1797777426653565
0.875,0.06485090428612669
0.875,0.21087225143468927
0.875,0.18342005026016542
0.875,0.2891268959177956
0.875,0.656295821987472
0.875,0.664415744764802
0.875,0.29669537760533443
0.875,0.8135288260758581
0.875,0.7672855604398783
0.875,0.21560619924497534
0.875,0.8345163259077111
0.875,0.8142756175365058
0.875,0.290758509347267
0.875,0.6021573758204815
0.875,0.7137902960436908
0.875,0.25075757175481195
0.875,0.8764862901947498
0.875,0.836240154701632
0.875,0.21930459986854592
0.875,0.8851323286650267
0.875,0.8278257600931246
0.875,0.05793431774290808
0.875,0.20051040966608855
0.875,0.2110605710432646
0.875,0.06435251016873049
0.875,0.24353101478360767
0.875,0.1829216561427692
0.875,0.06528200476504448
0.875,0.21419401816341835
0.875,0.1838511507390832
0.875,0.29344115660906356
0.875,0.6073419562143053
0.875,0.6598424635386911
0.875,0.2513837143857636
0.875,0.9332075345580405
0.875,0.8145191806785358
0.875,0.21992045993624332
0.875,0.8793301140091456
0.875,0.8097023363103949
0.875,0.2911896098261848
0.875,0.605479142549211
0.875,0.7127881338267884
0.875,0.25390148523222467
0.875,0.9186976999998896
0.875,0.8297631580076295
0.875,0.2197357003474637
0.875,0.878024360496405
0.875,0.8268235978762222
0.875,0.05793431774290808
0.875,0.20051040966608855
0.875,0.2110605710432646
0.875,0.06435251016873049
0.875,0.24353101478360767
0.875,0.1829216561427692
0.875,0.06528200476504448
0.875,0.21419401816341835
0.875,0.1838511507390832
0.875,0.29344115660906356
0.875,0.6073419562143053
0.875,0.6598424635386911
0.875,0.2513837143857636
0.875,0.9332075345580405
0.875,0.8145191806785358
0.875,0.21992045993624332
0.875,0.8793301140091456
0.875,0.8097023363103949
0.875,0.2911896098261848
0.875,0.605479142549211
0.875,0.7127881338267884
0.875,0.25390148523222467
0.875,0.9186976999998896
0.875,0.8297631580076295
0.875,0.2197357003474637
0.875,0.878024360496405
0.875,0.8268235978762222
0.875,0.05374539487382122
0.875,0.18841683449066188
0.875,0.2913313084242326
0.875,0.05745741977029516
0.875,0.22600540868238106
0.875,0.209084747719534
0.875,0.06282162129059549
0.875,0.20237194240935744
0.875,0.2144489492398342
0.875,0.28349543512241476
0.875,0.6443971310591079
0.875,0.5500745134837799
0.875,0.29080770241080395
0.875,0.745229758032796
0.875,0.7347058699479819
0.875,0.20937694871562293
0.875,0.8011121863744161
0.875,0.8482392334354569
0.875,0.1928647941787534
0.875,0.4969045471503974
0.875,0.5122111505650842
0.875,0.2894224388059572
0.875,0.6824078271149504
0.875,0.8065032185319778
0.875,0.2054706546718692
0.875,0.8133472347757136
0.875,0.9214063805723968
0.875,0.056872553010901425
0.875,0.19599812501978062
0.875,0.20523496747785072
0.875,0.06031792161445157
0.875,0.2872764229034292
0.875,0.1738914034910058
0.875,0.063695222464007
0.875,0.20584000261131144
0.875,0.17726870434056108
0.875,0.28662259325949485
0.875,0.6519784215882262
0.875,0.6645688721254722
0.875,0.2936682042549605
0.875,0.806500772253846
0.875,0.7776891603540854
0.875,0.21025054988903458
0.875,0.8442941486006948
0.875,0.8402278927254636
0.875,0.288096564860267
0.875,0.5958506895963005
0.875,0.7146260618013687
0.875,0.24564401407928255
0.875,0.8892032072115438
0.875,0.8597987251355539
0.875,0.21369421018368545
0.875,0.8973839799478045
0.875,0.854647486531559
0.875,0.05727034140729476
0.875,0.19909586327466713
0.875,0.20563275587424393
0.875,0.06323780661802168
0.875,0.23890737685625668
0.875,0.17681128849457578
0.875,0.06409301086040019
0.875,0.2089377408661978
0.875,0.17766649273695456
0.875,0.2906488015393188
0.875,0.6008956430123948
0.875,0.6609183086759546
0.875,0.2462276282327254
0.875,0.9491830244062894
0.875,0.839565899777811
0.875,0.21427675816885855
0.875,0.8910326807538266
0.875,0.8365773292759462
0.875,0.28849435325666034
0.875,0.5989484278511874
0.875,0.7138753376604032
0.875,0.24856389908285267
0.875,0.932389445615811
0.875,0.8555155343395144
0.875,0.21409199858007893
0.875,0.8893084725562838
0.875,0.8538967623905935
0.875,0.05727034140729476
0.875,0.19909586327466713
0.875,0.20563275587424393
0.875,0.06323780661802168
0.875,0.23890737685625668
0.875,0.17681128849457578
0.875,0.06409301086040019
0.875,0.2089377408661978
0.875,0.17766649273695456
0.875,0.2906488015393188
0.875,0.6008956430123948
0.875,0.6609183086759546
0.875,0.2462276282327254
0.875,0.9491830244062894
0.875,0.839565899777811
0.875,0.21427675816885855
0.875,0.8910326807538266
0.875,0.8365773292759462
0.875,0.28849435325666034
0.875,0.5989484278511874
0.875,0.7138753376604032
0.875,0.24856389908285267
0.875,0.932389445615811
0.875,0.8555155343395144
0.875,0.21409199858007893
0.875,0.8893084725562838
0.875,0.8538967623905935
0.875,0.05450546124134171
0.875,0.21675799582740668
0.875,0.29485317626495805
0.875,0.0585311665547595
0.875,0.24533191542963026
0.875,0.21480226524118332
0.875,0.06402492212670799
0.875,0.2078438036358467
0.875,0.2202960208131318
0.875,0.2877806894930999
0.875,0.7243097029357741
0.875,0.5767069708635556
0.875,0.2955385620883919
0.875,0.8033569541532871
0.875,0.7483319125880855
0.875,0.21524386468847762
0.875,0.8069328979854835
0.875,0.8305980915986689
0.875,0.19497751484974585
0.875,0.544500296418748
0.875,0.5242362941428171
0.875,0.29380312214909715
0.875,0.7404034864948943
0.875,0.821388556374648
0.875,0.21090351511486385
0.875,0.8223564685405245
0.875,0.9037507004159724
0.875,0.05794734092051791
0.875,0.22544741371908575
0.875,0.2110735942208744
0.875,0.06150728263717071
0.875,0.2918697681293414
0.875,0.18007642861120957
0.875,0.06496517523066117
0.875,0.21159151088491485
0.875,0.1835343212046999
0.875,0.2912225691722765
0.875,0.7329991208274536
0.875,0.7058047555332368
0.875,0.2985146781708035
0.875,0.8498948068529983
0.875,0.772603283778139
0.875,0.21618411779243094
0.875,0.8283535000817205
0.875,0.8233709692246362
0.875,0.29254816022789265
0.875,0.6778295125343351
0.875,0.7592109518161184
0.875,0.25147304481455407
0.875,0.8711979370744751
0.875,0.8387379361533797
0.875,0.21970403926384122
0.875,0.8556196123873332
0.875,0.8402429017551366
0.875,0.05835520320504646
0.875,0.22865435354927846
0.875,0.21148145650540295
0.875,0.0644963392570661
0.875,0.2444914378329219
0.875,0.18306548523110483
0.875,0.06537303751518972
0.875,0.2147984507151076
0.875,0.18394218348922844
0.875,0.2953817031674445
0.875,0.6837034825161848
0.875,0.7049700326514052
0.875,0.25208854203935915
0.875,0.9015434454816935
0.875,0.8217578725287821
0.875,0.22034325178759895
0.875,0.850294153492028
0.875,0.8225362463428045
0.875,0.2929560225124212
0.875,0.681036452364528
0.875,0.7591213213263379
0.875,0.2544621014344493
0.875,0.8889049973023277
0.875,0.8392789324205924
0.875,0.22011190154836976
0.875,0.8493809516466134
0.875,0.840153271265356
0.875,0.05835520320504646
0.875,0.22865435354927846
0.875,0.21148145650540295
0.875,0.0644963392570661
0.875,0.2444914378329219
0.875,0.18306548523110483
0.875,0.06537303751518972
0.875,0.2147984507151076
0.875,0.18394218348922844
0.875,0.2953817031674445
0.875,0.6837034825161848
0.875,0.7049700326514052
0.875,0.25208854203935915
0.875,0.9015434454816935
0.875,0.8217578725287821
0.875,0.22034325178759895
0.875,0.850294153492028
0.875,0.8225362463428045
0.875,0.2929560225124212
0.875,0.681036452364528
0.875,0.7591213213263379
0.875,0.2544621014344493
0.875,0.8889049973023277
0.875,0.8392789324205924
0.875,0.22011190154836976
0.875,0.8493809516466134
0.875,0.840153271265356
0.875,0.058436815588760134
0.875,0.28961736598575405
0.875,0.30274272407371916
0.875,0.06449705782142962
0.875,0.2442398601560175
0.875,0.18999786149549852
0.875,0.06656845303834899
0.875,0.18705408168953747
0.875,0.19206925671241787
0.875,0.20715309880363555
0.875,0.6753428762699576
0.875,0.7037279233309268
0.875,0.21488019724509802
0.875,0.8383654271835034
0.875,0.9144817323065412
0.875,0.15140640550171916
0.875,0.7021948372345559
0.875,0.31763898204130897
0.875,0.20681384336098682
0.875,0.5737432024746109
0.875,0.4861555144044506
0.875,0.24935648508699068
0.875,0.9115604508908245
0.875,0.874030304974117
0.875,0.18484724152057866
0.875,0.7753738315782697
0.875,0.3142066628678225
0.875,0.06449779857879552
0.875,0.24007542692039466
0.875,0.18565979512653596
0.875,0.06647147812035115
0.875,0.22881454750757288
0.875,0.1396013030878948
0.875,0.06774620289625922
0.875,0.16543428722463763
0.875,0.1408760278638026
0.875,0.21321408179367138
0.875,0.8396563309160654
0.875,0.85891317438491
0.875,0.21685461754401983
0.875,0.8275169094024462
0.875,0.8816113808431683
0.875,0.15258415535962913
0.875,0.6949403174522075
0.875,0.4014970104319412
0.875,0.24771311639454263
0.875,0.8968997303589515
0.875,0.8728758744083543
0.875,0.19399380894398308
0.875,0.7869039018223234
0.875,0.4433721533709276
0.875,0.16843742141688706
0.875,0.7119498237935465
0.875,0.5002110516208271
0.875,0.06466807956949806
0.875,0.24148906677779466
0.875,0.1858300761172385
0.875,0.06755610446009223
0.875,0.191393006233683
0.875,0.1406859294276356
0.875,0.06791648388696177
0.875,0.1668479270820375
0.875,0.14104630885450514
0.875,0.214892305917827
0.875,0.8389974107566234
0.875,0.8002762193616174
0.875,0.1796976605368854
0.875,0.7354894049428007
0.875,0.5573110651775495
0.875,0.15426237948378474
0.875,0.694281397292765
0.875,0.493715271093337
0.875,0.24788339738524517
0.875,0.896786471926769
0.875,0.8457532947123487
0.875,0.19507843528372373
0.875,0.7530606023750065
0.875,0.5355904140323232
0.875,0.1686077024075896
0.875,0.7118365653613634
0.875,0.4902829519198506
0.875,0.06466807956949806
0.875,0.24148906677779466
0.875,0.1858300761172385
0.875,0.06755610446009223
0.875,0.191393006233683
0.875,0.1406859294276356
0.875,0.06791648388696177
0.875,0.1668479270820375
0.875,0.14104630885450514
0.875,0.214892305917827
0.875,0.8389974107566234
0.875,0.8002762193616174
0.875,0.1796976605368854
0.875,0.7354894049428007
0.875,0.5573110651775495
0.875,0.15426237948378474
0.875,0.694281397292765
0.875,0.493715271093337
0.875,0.24788339738524517
0.875,0.896786471926769
0.875,0.8457532947123487
0.875,0.19507843528372373
0.875,0.7530606023750065
0.875,0.5355904140323232
0.875,0.1686077024075896
0.875,0.7118365653613634
0.875,0.4902829519198506
0.875,0.058436815588760134
0.875,0.28961736598575405
0.875,0.30274272407371916
0.875,0.06449705782142962
0.875,0.2442398601560175
0.875,0.18999786149549852
0.875,0.06656845303834899
0.875,0.18705408168953747
0.875,0.19206925671241787
0.875,0.20715309880363555
0.875,0.6194639364842986
0.875,0.47706807498596904
0.875,0.21488019724509802
0.875,0.8050469039715274
0.875,0.728539869236661
0.875,0.15140640550171916
0.875,0.40521594071637207
0.875,0.31763898204130897
0.875,0.20681384336098682
0.875,0.5737432024746109
0.875,0.4861555144044506
0.875,0.24935648508699068
0.875,0.7512731179186395
0.875,0.5908331287835628
0.875,0.18484724152057866
0.875,0.4184786936707594
0.875,0.3142066628678225
0.875,0.06449779857879552
0.875,0.24007542692039466
0.875,0.18565979512653596
0.875,0.06647147812035115
0.875,0.22881454750757288
0.875,0.1396013030878948
0.875,0.06774620289625922
0.875,0.16543428722463763
0.875,0.1408760278638026
0.875,0.21321408179367138
0.875,0.763178960354824
0.875,0.5546950581494968
0.875,0.21685461754401983
0.875,0.7591409562919061
0.875,0.7248663354418705
0.875,0.15258415535962913
0.875,0.46790090984563226
0.875,0.4014970104319412
0.875,0.24771311639454263
0.875,0.7682838852677351
0.875,0.5161198348581818
0.875,0.19399380894398308
0.875,0.6916707370730909
0.875,0.4433721533709276
0.875,0.16843742141688706
0.875,0.547522165724071
0.875,0.5002110516208271
0.875,0.06466807956949806
0.875,0.24148906677779466
0.875,0.1858300761172385
0.875,0.06755610446009223
0.875,0.191393006233683
0.875,0.1406859294276356
0.875,0.06791648388696177
0.875,0.1668479270820375
0.875,0.14104630885450514
0.875,0.214892305917827
0.875,0.6956607514792261
0.875,0.40703603826712803
0.875,0.1796976605368854
0.875,0.7002149306966513
0.875,0.5573110651775495
0.875,0.15426237948378474
0.875,0.5411243453133641
0.875,0.493715271093337
0.875,0.24788339738524517
0.875,0.7389785588225448
0.875,0.44976133193413054
0.875,0.19507843528372373
0.875,0.6835936555825043
0.875,0.5355904140323232
0.875,0.1686077024075896
0.875,0.5394450842334844
0.875,0.4902829519198506
0.875,0.06466807956949806
0.875,0.24148906677779466
0.875,0.1858300761172385
0.875,0.06755610446009223
0.875,0.191393006233683
0.875,0.1406859294276356
0.875,0.06791648388696177
0.875,0.1668479270820375
0.875,0.14104630885450514
0.875,0.214892305917827
0.875,0.6956607514792261
0.875,0.40703603826712803
0.875,0.1796976605368854
0.875,0.7002149306966513
0.875,0.5573110651775495
0.875,0.15426237948378474
0.875,0.5411243453133641
0.875,0.493715271093337
0.875,0.24788339738524517
0.875,0.7389785588225448
0.875,0.44976133193413054
0.875,0.19507843528372373
0.875,0.6835936555825043
0.875,0.5355904140323232
0.875,0.1686077024075896
0.875,0.5394450842334844
0.875,0.4902829519198506
0.875,0.054125523378930916
0.875,0.1911525189819118
0.875,0.2917114369293424
0.875,0.0579925799706983
0.875,0.23038903133096614
0.875,0.20961990791993715
0.875,0.06295792786568034
0.875,0.2034290608977942
0.875,0.21458525581491908
0.875,0.2872382044979276
0.875,0.5560351474432974
0.875,0.5748816190179592
0.875,0.29444211335970133
0.875,0.6516458334772663
0.875,0.7677939036391489
0.875,0.21041146746836623
0.875,0.8326523159026559
0.875,0.7825575644577496
0.875,0.19392787139321432
0.875,0.5072123185774182
0.875,0.513274227779545
0.875,0.29229679987673757
0.875,0.6573024486154007
0.875,0.845061183639731
0.875,0.20593636610887484
0.875,0.8472898260387672
0.875,0.8594750695300449
0.875,0.05748571215941286
0.875,0.20086227123189962
0.875,0.20584812662636215
0.875,0.06072325999791489
0.875,0.29119654458527156
0.875,0.1742967418744691
0.875,0.06384777814916495
0.875,0.20715865728738622
0.875,0.17742126002571904
0.875,0.29059839327840936
0.875,0.565744899693285
0.875,0.6936580305698555
0.875,0.29717279338691793
0.875,0.7124533467315732
0.875,0.8145207179459737
0.875,0.21130131775185096
0.875,0.876383618575433
0.875,0.7745580405779888
0.875,0.2913513689461606
0.875,0.5723094447604159
0.875,0.747275740944347
0.875,0.24683267622554128
0.875,0.9140681209745609
0.875,0.8641412169691954
0.875,0.21437758029098875
0.875,0.9330463430638843
0.875,0.7919675734925388
0.875,0.05785120100455487
0.875,0.20373942092701056
0.875,0.20621361547150402
0.875,0.06342854922602593
0.875,0.2406673270863092
0.875,0.17700203110258003
0.875,0.06421326699430682
0.875,0.21003580698249702
0.875,0.17778674887086118
0.875,0.2943276120827177
0.875,0.5388727753805594
0.875,0.6932445485372788
0.875,0.2474956449971529
0.875,0.9791269137466613
0.875,0.8135881738841931
0.875,0.21503053655615922
0.875,0.927082445779975
0.875,0.7741445585454121
0.875,0.29171685779130263
0.875,0.5751865944555268
0.875,0.7473394653757116
0.875,0.24953796545365217
0.875,0.9648376112138911
0.875,0.8318246881909711
0.875,0.2147430691361309
0.875,0.9259475985322807
0.875,0.7920312979239031
0.875,0.05785120100455487
0.875,0.20373942092701056
0.875,0.20621361547150402
0.875,0.06342854922602593
0.875,0.2406673270863092
0.875,0.17700203110258003
0.875,0.06421326699430682
0.875,0.21003580698249702
0.875,0.17778674887086118
0.875,0.2943276120827177
0.875,0.5388727753805594
0.875,0.6932445485372788
0.875,0.2474956449971529
0.875,0.9791269137466613
0.875,0.8135881738841931
0.875,0.21503053655615922
0.875,0.927082445779975
0.875,0.7741445585454121
0.875,0.29171685779130263
0.875,0.5751865944555268
0.875,0.7473394653757116
0.875,0.24953796545365217
0.875,0.9648376112138911
0.875,0.8318246881909711
0.875,0.2147430691361309
0.875,0.9259475985322807
0.875,0.7920312979239031
0.875,0.05792616275296969
0.875,0.2890323182748387
0.875,0.29827387777658615
0.875,0.0637094583948393
0.875,0.24338080376356178
0.875,0.2199805570812631
0.875,0.0651869042191682
0.875,0.218062791712344
0.875,0.221458002905592
0.875,0.20461385692261255
0.875,0.6074146141405726
0.875,0.73434769687222
0.875,0.21152967682927293
0.875,0.7835531214300868
0.875,0.9538776980735704
0.875,0.18162221532207595
0.875,0.7414093086847958
0.875,0.17775587340354415
0.875,0.20518076303510785
0.875,0.5720844328873544
0.875,0.5344395423281787
0.875,0.24589436149713859
0.875,0.8589808984460255
0.875,0.9185612075438535
0.875,0.21533051958580793
0.875,0.8160706959103842
0.875,0.17532103120556214
0.875,0.06378580360603811
0.875,0.23984847148457503
0.875,0.21691205690639462
0.875,0.06538453949169373
0.875,0.22609748539461075
0.875,0.18395368546573246
0.875,0.06628382990673597
0.875,0.1962048892332878
0.875,0.18485297588077468
0.875,0.21047349777568142
0.875,0.7440964382802521
0.875,0.895205370120074
0.875,0.2132047579261275
0.875,0.8046905326563563
0.875,0.9237996757940227
0.875,0.18271914100964357
0.875,0.7339754907752194
0.875,0.23802422467918224
0.875,0.24449575885622749
0.875,0.7994398444558094
0.875,0.9124670754540575
0.875,0.21043304019850415
0.875,0.8208175537158208
0.875,0.27488396498858475
0.875,0.19803590646367292
0.875,0.7518050254820752
0.875,0.30876957401645483
0.875,0.06390885699866526
0.875,0.24082502674653572
0.875,0.21703511029902176
0.875,0.06614920432767346
0.875,0.20897078851413753
0.875,0.1847183503017122
0.875,0.0664068832993631
0.875,0.1971814444952485
0.875,0.18497602927340182
0.875,0.21157018354251828
0.875,0.7443333917605965
0.875,0.8392974863459088
0.875,0.19619819155053056
0.875,0.772135972351534
0.875,0.3563895737657752
0.875,0.18381582677648042
0.875,0.7342124442555636
0.875,0.3041831509987744
0.875,0.24461881224885462
0.875,0.7996669403133018
0.875,0.8860346399470012
0.875,0.21119770503448387
0.875,0.7907220392258878
0.875,0.3410428913081768
0.875,0.19815895985630005
0.875,0.7520321213395675
0.875,0.3017483088007924
0.875,0.06390885699866526
0.875,0.24082502674653572
0.875,0.21703511029902176
0.875,0.06614920432767346
0.875,0.20897078851413753
0.875,0.1847183503017122
0.875,0.0664068832993631
0.875,0.1971814444952485
0.875,0.18497602927340182
0.875,0.21157018354251828
0.875,0.7443333917605965
0.875,0.8392974863459088
0.875,0.19619819155053056
0.875,0.772135972351534
0.875,0.3563895737657752
0.875,0.18381582677648042
0.875,0.7342124442555636
0.875,0.3041831509987744
0.875,0.24461881224885462
0.875,0.7996669403133018
0.875,0.8860346399470012
0.875,0.21119770503448387
0.875,0.7907220392258878
0.875,0.3410428913081768
0.875,0.19815895985630005
0.875,0.7520321213395675
0.875,0.3017483088007924
0.875,0.058816944093869686
0.875,0.29235305047700383
0.875,0.30312285257882876
0.875,0.06503221802183276
0.875,0.24862348280460272
0.875,0.19053302169590167
0.875,0.06670475961343385
0.875,0.18811120017797395
0.875,0.19220556328750246
0.875,0.2108958681791481
0.875,0.5976605840277461
0.875,0.47706807498596904
0.875,0.21851460819399543
0.875,0.7814894007702136
0.875,0.728539869236661
0.875,0.15244092425446246
0.875,0.40521594071637235
0.875,0.29830460700394085
0.875,0.2078769205754476
0.875,0.5840509739016309
0.875,0.48721859161891123
0.875,0.2522308461577709
0.875,0.7296581002604217
0.875,0.5908331287835628
0.875,0.1853129529575843
0.875,0.4184786936707597
0.875,0.2950509110419369
0.875,0.06511095772730696
0.875,0.24493957313251366
0.875,0.1862729542750474
0.875,0.06687681650381447
0.875,0.23273466918941507
0.875,0.14000664147135813
0.875,0.0678987585814172
0.875,0.1667529419007124
0.875,0.14102858354896056
0.875,0.21718988181258608
0.875,0.7361422245136872
0.875,0.5546950581494972
0.875,0.22035920667597741
0.875,0.7394052653496197
0.875,0.7248663354418705
0.875,0.1536349232224455
0.875,0.46790090984563254
0.875,0.37899865494675306
0.875,0.2509679204804361
0.875,0.7427982003989967
0.875,0.5161198348581816
0.875,0.1951824710902418
0.875,0.6916707370730911
0.875,0.41992260626978983
0.875,0.16912079152419038
0.875,0.547522165724071
0.875,0.47362108326714997
0.875,0.06524893916675817
0.875,0.24613262443013809
0.875,0.1864109357144986
0.875,0.06774684706809649
0.875,0.19315295646373523
0.875,0.14087667203563986
0.875,0.0680367400208684
0.875,0.1679459931983367
0.875,0.14116656498841176
0.875,0.21857111646122598
0.875,0.6712529448593227
0.875,0.40703603826712775
0.875,0.1809656773013132
0.875,0.7002149306966513
0.875,0.5288769847429453
0.875,0.1550161578710854
0.875,0.5411243453133641
0.875,0.467517261118317
0.875,0.2511059019198873
0.875,0.7141628872365631
0.875,0.44976133193413026
0.875,0.1960525016545234
0.875,0.6835936555825046
0.875,0.5084412124413538
0.875,0.16925877296364156
0.875,0.5394450842334844
0.875,0.46426356515631306
0.875,0.06524893916675817
0.875,0.24613262443013809
0.875,0.1864109357144986
0.875,0.06774684706809649
0.875,0.19315295646373523
0.875,0.14087667203563986
0.875,0.0680367400208684
0.875,0.1679459931983367
0.875,0.14116656498841176
0.875,0.21857111646122598
0.875,0.6712529448593227
0.875,0.40703603826712775
0.875,0.1809656773013132
0.875,0.7002149306966513
0.875,0.5288769847429453
0.875,0.1550161578710854
0.875,0.5411243453133641
0.875,0.467517261118317
0.875,0.2511059019198873
0.875,0.7141628872365631
0.875,0.44976133193413026
0.875,0.1960525016545234
0.875,0.6835936555825046
0.875,0.5084412124413538
0.875,0.16925877296364156
0.875,0.5394450842334844
0.875,0.46426356515631306
0.875,0.058816944093869686
0.875,0.29235305047700383
0.875,0.30312285257882876
0.875,0.06503221802183276
0.875,0.24862348280460272
0.875,0.19053302169590167
0.875,0.06670475961343385
0.875,0.18811120017797395
0.875,0.19220556328750246
0.875,0.2108958681791481
0.875,0.6086080039766191
0.875,0.6793590392965402
0.875,0.21851460819399543
0.875,0.7965868945954608
0.875,1.0
0.875,0.15244092425446246
0.875,0.585437333433895
0.875,0.29830460700394085
0.875,0.2078769205754476
0.875,0.5840509739016309
0.875,0.48721859161891123
0.875,0.2522308461577709
0.875,0.7471304855852456
0.875,0.820093396141484
0.875,0.1853129529575843
0.875,0.6024798358554532
0.875,0.2950509110419369
0.875,0.06511095772730696
0.875,0.24493957313251366
0.875,0.1862729542750474
0.875,0.06687681650381447
0.875,0.23273466918941507
0.875,0.14000664147135813
0.875,0.0678987585814172
0.875,0.1667529419007124
0.875,0.14102858354896056
0.875,0.21718988181258608
0.875,0.7486021322136724
0.875,0.7806023927974509
0.875,0.22035920667597741
0.875,0.7570143598902271
0.875,0.9952469037954473
0.875,0.1536349232224455
0.875,0.6674684368205666
0.875,0.37899865494675306
0.875,0.2509679204804361
0.875,0.7567093686777853
0.875,0.722589255663065
0.875,0.1951824710902418
0.875,0.9524450141736253
0.875,0.41992260626978983
0.875,0.16912079152419038
0.875,0.7712951388333493
0.875,0.47362108326714997
0.875,0.06524893916675817
0.875,0.24613262443013809
0.875,0.1864109357144986
0.875,0.06774684706809649
0.875,0.19315295646373523
0.875,0.14087667203563986
0.875,0.0680367400208684
0.875,0.1679459931983367
0.875,0.14116656498841176
0.875,0.21857111646122598
0.875,0.6850442183894844
0.875,0.5878217435007628
0.875,0.1809656773013132
0.875,0.9634136775947842
0.875,0.5288769847429453
0.875,0.1550161578710854
0.875,0.7630515521402695
0.875,0.467517261118317
0.875,0.2511059019198873
0.875,0.728380805092512
0.875,0.6358050560718406
0.875,0.1960525016545234
0.875,0.9420316797878645
0.875,0.5084412124413538
0.875,0.16925877296364156
0.875,0.7608818044475886
0.875,0.46426356515631306
0.875,0.06524893916675817
0.875,0.24613262443013809
0.875,0.1864109357144986
0.875,0.06774684706809649
0.875,0.19315295646373523
0.875,0.14087667203563986
0.875,0.0680367400208684
0.875,0.1679459931983367
0.875,0.14116656498841176
0.875,0.21857111646122598
0.875,0.6850442183894844
0.875,0.5878217435007628
0.875,0.1809656773013132
0.875,0.9634136775947842
0.875,0.5288769847429453
0.875,0.1550161578710854
0.875,0.7630515521402695
0.875,0.467517261118317
0.875,0.2511059019198873
0.875,0.728380805092512
0.875,0.6358050560718406
0.875,0.1960525016545234
0.875,0.9420316797878645
0.875,0.5084412124413538
0.875,0.16925877296364156
0.875,0.7608818044475886
0.875,0.46426356515631306
