0.7272727272727273,1.0
0.7272727272727273,0.5960281548572399
0.7272727272727273,0.5507335972918566
0.7272727272727273,0.8774351586302712
0.7272727272727273,0.5343312217431674
0.7272727272727273,0.4424390580093895
0.7272727272727273,0.9096528213671872
0.7272727272727273,0.5641211896433489
0.7272727272727273,0.44711545620341775
0.7272727272727273,0.5290228838225116
0.7272727272727273,0.2573004143942664
0.6363636363636364,0.22591861829479437
0.7272727272727273,0.43826795200891294
0.7272727272727273,0.21102204258375806
0.7272727272727273,0.1469766713433142
0.7272727272727273,0.466002221874924
0.7272727272727273,0.2335935580173927
0.7272727272727273,0.1567768016821017
0.7272727272727273,0.521100087875132
0.7272727272727273,0.2546983985021773
0.7272727272727273,0.21634036928428677
0.7272727272727273,0.4373273619775949
0.7272727272727273,0.21040635632105653
0.7272727272727273,0.1465204970328842
0.7272727272727273,0.4579264252783267
0.7272727272727273,0.2306687825629329
0.7272727272727273,0.14749530685701936
0.7272727272727273,0.9759900213654048
0.7272727272727273,0.5833981757716007
0.7272727272727273,0.5304080111792017
0.7272727272727273,0.8483373410260361
0.7272727272727273,0.5112481681583271
0.7272727272727273,0.4241868556866403
0.7272727272727273,0.8560511708340567
0.7272727272727273,0.5280522754459799
0.7272727272727273,0.40818063944662203
0.7272727272727273,0.5047268325514122
0.7272727272727273,0.24447063085887166
0.7272727272727273,0.20537907745917908
0.7272727272727273,0.40894663408301063
0.7272727272727273,0.1877639702116139
0.7272727272727273,0.1285795193403639
0.7272727272727273,0.4121948305405236
0.7272727272727273,0.1973689262127336
0.7272727272727273,0.11770199030497454
0.7272727272727273,0.5041652264636948
0.7272727272727273,0.24428418014778272
0.7272727272727273,0.20482477836593255
0.7272727272727273,0.4376907757199577
0.7272727272727273,0.21069077235164818
0.7272727272727273,0.14675718754399403
0.7272727272727273,0.4408611233149485
0.7272727272727273,0.2201830987122291
0.7272727272727273,0.1358593781283853
0.7272727272727273,0.9771627461621939
0.7272727272727273,0.5878427963644699
0.7272727272727273,0.524722487078241
0.7272727272727273,0.8484407418716585
0.7272727272727273,0.511388706806009
0.7272727272727273,0.4242065087240018
0.7272727272727273,0.8572447495126098
0.7272727272727273,0.5325086515059378
0.7272727272727273,0.4025016072555765
0.7272727272727273,0.5129746613557573
0.7272727272727273,0.2511400251525525
0.7272727272727273,0.2085013298633908
0.7272727272727273,0.40905003492863484
0.7272727272727273,0.1879045088592925
0.7272727272727273,0.12859917237771998
0.7272727272727273,0.42046351322663467
0.7272727272727273,0.20405007597350475
0.7272727272727273,0.12083073461909932
0.7272727272727273,0.5053041830376371
0.7272727272727273,0.24867710956522154
0.7272727272727273,0.19913373945876078
0.7272727272727273,0.43773039518338347
0.7272727272727273,0.21074439294516117
0.7272727272727273,0.14676499124828735
0.7272727272727273,0.4420083485019081
0.7272727272727273,0.22458096064387542
0.7272727272727273,0.1301709664848269
0.7272727272727273,0.9771627461621902
0.7272727272727273,0.587842796364464
0.7272727272727273,0.5247224870782407
0.7272727272727273,0.8484407418716537
0.7272727272727273,0.5113887068060118
0.7272727272727273,0.4242065087240021
0.7272727272727273,0.8572447495126057
0.7272727272727273,0.5325086515059375
0.7272727272727273,0.4025016072555768
0.7272727272727273,0.512974661355754
0.7272727272727273,0.25114002515255324
0.7272727272727273,0.20850132986339318
0.7272727272727273,0.4090500349286352
0.7272727272727273,0.18790450885929386
0.7272727272727273,0.1285991723777222
0.7272727272727273,0.42046351322663367
0.7272727272727273,0.20405007597350677
0.7272727272727273,0.12083073461910052
0.7272727272727273,0.5053041830376364
0.7272727272727273,0.2486771095652195
0.7272727272727273,0.19913373945875976
0.7272727272727273,0.4377303951833824
0.7272727272727273,0.21074439294516067
0.7272727272727273,0.14676499124828785
0.7272727272727273,0.442008348501904
0.7272727272727273,0.22458096064387695
0.7272727272727273,0.13017096648482793
0.7272727272727273,0.8913601444633293
0.7272727272727273,0.5071039267716465
0.7272727272727273,0.479426191174626
0.7272727272727273,0.778503370733515
0.7272727272727273,0.4609920024247241
0.7272727272727273,0.3760373316370684
0.7272727272727273,0.8079779924388135
0.7272727272727273,0.48859465484221576
0.7272727272727273,0.38115151401590797
0.7272727272727273,0.45566978378423123
0.7272727272727273,0.19658728753212643
0.6363636363636364,0.17856751369816132
0.7272727272727273,0.3723073778320235
0.7272727272727273,0.16194493038301755
0.7272727272727273,0.1031671980659397
0.7272727272727273,0.39793732241156826
0.7272727272727273,0.18241803941777063
0.7272727272727273,0.11294362774695284
0.7272727272727273,0.44819926314365593
0.7272727272727273,0.19497848047424063
0.7272727272727273,0.1694707247515504
0.7272727272727273,0.3713837188999874
0.7272727272727273,0.1613398969054071
0.7272727272727273,0.10271807842530552
0.7272727272727273,0.3903072356676085
0.7272727272727273,0.18047953312411422
0.7272727272727273,0.10414292523580283
0.7272727272727273,0.8691966029208861
0.7272727272727273,0.4974076245234728
0.7272727272727273,0.4599740898271833
0.7272727272727273,0.7516073650963933
0.7272727272727273,0.43899617438772165
0.7272727272727273,0.3594198409374459
0.7272727272727273,0.7584349939040008
0.7272727272727273,0.4565513252837393
0.7272727272727273,0.34474160717697244
0.7272727272727273,0.433233741661353
0.7272727272727273,0.18669627527381566
0.7272727272727273,0.158915486096285
0.7272727272727273,0.34519164522985873
0.7272727272727273,0.13977657732293822
0.7272727272727273,0.08641045070151074
0.7272727272727273,0.34819910184875447
0.7272727272727273,0.15022343090965473
0.7272727272727273,0.0764027423570666
0.7272727272727273,0.4326881642383831
0.7272727272727273,0.1865218191004185
0.7272727272727273,0.15836533171695735
0.7272727272727273,0.3717415305818499
0.7272727272727273,0.16162064178797259
0.7272727272727273,0.10294596541965452
0.7272727272727273,0.3746704970889458
0.7272727272727273,0.171952417359548
0.7272727272727273,0.09292510440369475
0.7272727272727273,0.870264604053527
0.7272727272727273,0.5022969393006489
0.7272727272727273,0.4547522279032954
0.7272727272727273,0.7517115833564978
0.7272727272727273,0.43913714251156144
0.7272727272727273,0.3594360830800793
0.7272727272727273,0.7595251478947672
0.7272727272727273,0.4614513322811118
0.7272727272727273,0.33953074519087456
0.7272727272727273,0.44094782502565344
0.7272727272727273,0.19283312948959658
0.7272727272727273,0.1620328810115193
0.7272727272727273,0.3452958634899634
0.7272727272727273,0.13991754544677423
0.7272727272727273,0.08642669284414348
0.7272727272727273,0.35593533807117883
0.7272727272727273,0.15637097734563488
0.7272727272727273,0.07953113721009368
0.7272727272727273,0.43372310072525666
0.7272727272727273,0.19135940801270937
0.7272727272727273,0.15314100399598507
0.7272727272727273,0.3717815782930925
0.7272727272727273,0.16167454757627645
0.7272727272727273,0.10295253724270091
0.7272727272727273,0.37571424010253285
0.7272727272727273,0.17679456973431992
0.7272727272727273,0.08770511828306243
0.7272727272727273,0.8702646040535229
0.7272727272727273,0.5022969393006493
0.7272727272727273,0.4547522279032957
0.7272727272727273,0.7517115833564941
0.7272727272727273,0.43913714251156105
0.7272727272727273,0.3594360830800796
0.7272727272727273,0.7595251478947652
0.7272727272727273,0.46145133228111146
0.7272727272727273,0.33953074519087495
0.7272727272727273,0.4409478250256521
0.7272727272727273,0.19283312948959863
0.7272727272727273,0.16203288101151947
0.7272727272727273,0.34529586348996305
0.7272727272727273,0.13991754544677526
0.7272727272727273,0.08642669284414296
0.7272727272727273,0.3559353380711771
0.7272727272727273,0.1563709773456359
0.7272727272727273,0.07953113721009317
0.7272727272727273,0.4337231007252543
0.7272727272727273,0.19135940801271023
0.7272727272727273,0.15314100399598593
0.7272727272727273,0.3717815782930911
0.7272727272727273,0.1616745475762773
0.7272727272727273,0.10295253724270056
0.7272727272727273,0.3757142401025332
0.7272727272727273,0.17679456973431873
0.7272727272727273,0.08770511828306295
0.7272727272727273,0.8149699288933359
0.7272727272727273,0.4565749617305977
0.7272727272727273,0.4117627279160399
0.7272727272727273,0.7011245528415052
0.7272727272727273,0.40794658302799547
0.7272727272727273,0.31173179552124886
0.7272727272727273,0.7202523084880419
0.7272727272727273,0.42736763560672847
0.7272727272727273,0.31268702857710573
0.7272727272727273,0.4041720554504574
0.7272727272727273,0.1622740713477262
0.8181818181818182,0.687877313406623
0.7272727272727273,0.3206097144727091
0.7272727272727273,0.1262857806924274
0.8181818181818182,0.6784914645052701
0.7272727272727273,0.33964845451997877
0.8181818181818182,0.695553066760925
0.8181818181818182,0.696206648796148
0.7272727272727273,0.39550094725542945
0.7272727272727273,0.1595267443701563
0.7272727272727273,0.1244762487569566
0.7272727272727273,0.31966129403649557
0.7272727272727273,0.12565923672941479
0.8181818181818182,0.6732704269050294
0.7272727272727273,0.33083666724676175
0.8181818181818182,0.6786474840931286
0.8181818181818182,0.6970992475992989
0.7272727272727273,0.7931511752300918
0.7272727272727273,0.4467967271677038
0.7272727272727273,0.39321536689956355
0.7272727272727273,0.6763463100646007
0.7272727272727273,0.38749213176139796
0.7272727272727273,0.2967077731486922
0.7272727272727273,0.6731363781143401
0.7272727272727273,0.3967605449647069
0.7272727272727273,0.2787510735591566
0.7272727272727273,0.3820683635755372
0.7272727272727273,0.1522904638426626
0.8181818181818182,0.6895836544099699
0.7272727272727273,0.2956003079989298
0.7272727272727273,0.10565129370008908
0.9090909090909091,0.6863517916257698
0.7272727272727273,0.2923350526921961
0.9090909090909091,0.7179843445496499
0.9090909090909091,0.7024257876136881
0.7272727272727273,0.38149432386484855
0.7272727272727273,0.15209133956879498
0.8181818181818182,0.6854366921622344
0.7272727272727273,0.32003796675952706
0.8181818181818182,0.679078146410675
0.8181818181818182,0.6735639682916249
0.7272727272727273,0.3166877826456607
0.8181818181818182,0.682135181862973
0.8181818181818182,0.6905899736152055
0.7272727272727273,0.7910191040812384
0.7272727272727273,0.4490708383598658
0.7272727272727273,0.38689553819428296
0.7272727272727273,0.6764548957866506
0.7272727272727273,0.38763468302977494
0.7272727272727273,0.29672660369226045
0.7272727272727273,0.6710218227534791
0.7272727272727273,0.3990425571148587
0.7272727272727273,0.2724383386864707
0.7272727272727273,0.38773545228363965
0.7272727272727273,0.15691330208736953
0.8181818181818182,0.6941248279281462
0.7272727272727273,0.29570889372098114
0.9090909090909091,0.7139230244665365
0.9090909090909091,0.6851219320777819
0.7272727272727273,0.29801965718828766
0.9090909090909091,0.7197856323296009
0.9090909090909091,0.7070379496290261
0.7272727272727273,0.3793261711235079
0.7272727272727273,0.15431250084147374
0.8181818181818182,0.6957492601394472
0.7272727272727273,0.3200796856459486
0.8181818181818182,0.6777376685109997
0.8181818181818182,0.672936332465913
0.7272727272727273,0.3145267291522662
0.8181818181818182,0.6861232429717014
0.8181818181818182,0.7009929166773428
0.7272727272727273,0.7910191040812357
0.7272727272727273,0.4490708383598658
0.7272727272727273,0.3868955381942833
0.7272727272727273,0.676454895786648
0.7272727272727273,0.3876346830297746
0.7272727272727273,0.2967266036922601
0.7272727272727273,0.6710218227534781
0.7272727272727273,0.3990425571148597
0.7272727272727273,0.27243833868647144
0.7272727272727273,0.38773545228363726
0.7272727272727273,0.15691330208737037
0.8181818181818182,0.6941248279281483
0.7272727272727273,0.2957088937209818
0.9090909090909091,0.7139230244665407
0.9090909090909091,0.6851219320777844
0.7272727272727273,0.2980196571882856
0.9090909090909091,0.7197856323296024
0.9090909090909091,0.7070379496290258
0.7272727272727273,0.37932617112350514
0.7272727272727273,0.1543125008414758
0.8181818181818182,0.6957492601394493
0.7272727272727273,0.3200796856459469
0.8181818181818182,0.6777376685110004
0.8181818181818182,0.6729363324659158
0.7272727272727273,0.3145267291522658
0.8181818181818182,0.6861232429717034
0.8181818181818182,0.7009929166773428
0.7272727272727273,0.8069552810977586
0.7272727272727273,0.44928654922174205
0.6363636363636364,0.4030952463929669
0.7272727272727273,0.6920505702615669
0.7272727272727273,0.40039897870804175
0.6363636363636364,0.2985779797472183
0.7272727272727273,0.7054962865046444
0.7272727272727273,0.41789511010339436
0.6363636363636364,0.29325285595406503
0.7272727272727273,0.39767368200594505
0.7272727272727273,0.15728707293159055
0.8181818181818182,0.6676808946452009
0.7272727272727273,0.3130490228178913
0.7272727272727273,0.12043139521415169
0.8181818181818182,0.6608672102152162
0.7272727272727273,0.32850905819741383
0.8181818181818182,0.6758621261818678
0.8181818181818182,0.6780488377990633
0.7272727272727273,0.3884490126571284
0.7272727272727273,0.15456362331460544
0.6363636363636364,0.11679595147215972
0.7272727272727273,0.31262634389681
0.7272727272727273,0.12033046078233542
0.8181818181818182,0.6556416028238058
0.7272727272727273,0.3196928970178608
0.8181818181818182,0.659487207905363
0.8181818181818182,0.6789371501482164
0.7272727272727273,0.7851219595553269
0.7272727272727273,0.4395454557748017
0.6363636363636364,0.383962139512568
0.7272727272727273,0.6672376665893566
0.7272727272727273,0.37990392754724844
0.7272727272727273,0.2840859946576688
0.7272727272727273,0.6583187422809414
0.7272727272727273,0.3872790342156868
0.7272727272727273,0.2592493654015248
0.7272727272727273,0.37555219845918036
0.7272727272727273,0.14733843071865427
0.8181818181818182,0.6699042240282191
0.7272727272727273,0.28799890410408396
0.7272727272727273,0.09975335176493921
0.8181818181818182,0.6692452002145253
0.7272727272727273,0.2811325740916011
0.8181818181818182,0.6988107075151619
0.8181818181818182,0.6853023214118331
0.7272727272727273,0.37496668455393534
0.7272727272727273,0.14713149927303185
0.8181818181818182,0.6657515769409796
0.7272727272727273,0.3130125661473642
0.8181818181818182,0.6614572759515985
0.8181818181818182,0.6559356463408844
0.7272727272727273,0.30606547215616425
0.8181818181818182,0.6629762802960093
0.8181818181818182,0.6729460508433913
0.7272727272727273,0.7814318342406572
0.7272727272727273,0.4413652052960712
0.6363636363636364,0.37550344597477986
0.7272727272727273,0.667350983705333
0.7272727272727273,0.3800482309971073
0.7272727272727273,0.2841086397920412
0.7272727272727273,0.6546494332533799
0.7272727272727273,0.3891085725147362
0.7272727272727273,0.2507980005186028
0.7272727272727273,0.3801952630457873
0.7272727272727273,0.15147137972915628
0.8181818181818182,0.6744445399133471
0.7272727272727273,0.2881122212200573
0.8181818181818182,0.6962882814747584
0.8181818181818182,0.6680144830334878
0.7272727272727273,0.2857964549653121
0.8181818181818182,0.7000953835277272
0.8181818181818182,0.6899141720341506
0.7272727272727273,0.37123940462191374
0.7272727272727273,0.14889806656509508
0.8181818181818182,0.6760631721799689
0.7272727272727273,0.3130560448234962
0.8181818181818182,0.6601171203606468
0.8181818181818182,0.6553076935082195
0.7272727272727273,0.3023465091820762
0.8181818181818182,0.6664481796436191
0.8181818181818182,0.6833482227809337
0.7272727272727273,0.7814318342406524
0.7272727272727273,0.4413652052960705
0.6363636363636364,0.37550344597477986
0.7272727272727273,0.66735098370533
0.7272727272727273,0.3800482309971066
0.7272727272727273,0.28410863979204054
0.7272727272727273,0.6546494332533758
0.7272727272727273,0.38910857251473585
0.7272727272727273,0.25079800051860385
0.7272727272727273,0.38019526304578527
0.7272727272727273,0.15147137972915817
0.8181818181818182,0.6744445399133491
0.7272727272727273,0.2881122212200573
0.8181818181818182,0.6962882814747601
0.8181818181818182,0.6680144830334901
0.7272727272727273,0.28579645496531175
0.8181818181818182,0.7000953835277275
0.8181818181818182,0.68991417203415
0.7272727272727273,0.3712394046219117
0.7272727272727273,0.1488980665650968
0.8181818181818182,0.6760631721799686
0.7272727272727273,0.31305604482349453
0.8181818181818182,0.6601171203606468
0.8181818181818182,0.6553076935082212
0.7272727272727273,0.30234650918207545
0.8181818181818182,0.6664481796436198
0.8181818181818182,0.6833482227809344
0.7272727272727273,0.9442894013266041
0.7272727272727273,0.558836473402609
0.7272727272727273,0.5142684939725278
0.7272727272727273,0.8276927273413528
0.7272727272727273,0.49716387606892964
0.7272727272727273,0.41193032951241615
0.7272727272727273,0.8605118863413579
0.7272727272727273,0.5269866468267272
0.7272727272727273,0.4171918059915241
0.7272727272727273,0.49188629260566424
0.7272727272727273,0.23274526825147557
0.6363636363636364,0.20148505142921297
0.7272727272727273,0.4054411927819897
0.7272727272727273,0.18648848516578412
0.7272727272727273,0.12684219994105134
0.7272727272727273,0.43320665883441356
0.7272727272727273,0.20908555488043026
0.7272727272727273,0.13666081037201327
0.7272727272727273,0.48458158347010893
0.7272727272727273,0.2301895170185904
0.7272727272727273,0.19250012823236604
0.7272727272727273,0.40454539414084023
0.7272727272727273,0.1859103992182016
0.7272727272727273,0.12641089549900777
0.7272727272727273,0.42573017406609903
0.7272727272727273,0.20619283027017685
0.7272727272727273,0.127961387426676
0.7272727272727273,0.9213529110987388
0.7272727272727273,0.5461955006362066
0.7272727272727273,0.49502266812687445
0.7272727272727273,0.7996825761858714
0.7272727272727273,0.47516943710338616
0.7272727272727273,0.3942017361703527
0.7272727272727273,0.809080736414385
0.7272727272727273,0.4920031532598042
0.7272727272727273,0.3798650531743291
0.7272727272727273,0.4686714008565591
0.7272727272727273,0.21991148322990364
0.7272727272727273,0.18202902094831686
0.7272727272727273,0.37720899027106203
0.7272727272727273,0.1643197974584697
0.7272727272727273,0.1089695587506037
0.7272727272727273,0.3815727525003754
0.7272727272727273,0.17394907973555032
0.7272727272727273,0.09919549542778851
0.7272727272727273,0.4681579932481168
0.7272727272727273,0.21976430498343277
0.7272727272727273,0.18150208036373386
0.7272727272727273,0.4049069270156815
0.7272727272727273,0.1861938825518088
0.7272727272727273,0.12664649360717037
0.7272727272727273,0.4091836081753194
0.7272727272727273,0.19570301973363566
0.7272727272727273,0.11684660403673461
0.7272727272727273,0.9230932892325691
0.7272727272727273,0.5506453008527326
0.7272727272727273,0.48990222571320535
0.7272727272727273,0.7997959685133674
0.7272727272727273,0.47531880741199023
0.7272727272727273,0.3942268880363863
0.7272727272727273,0.8108416806362533
0.7272727272727273,0.4964651571495729
0.7272727272727273,0.3747504653253821
0.7272727272727273,0.47692556910551615
0.7272727272727273,0.22658605714724184
0.7272727272727273,0.1851550411473877
0.7272727272727273,0.3773223825985632
0.7272727272727273,0.16446916776706877
0.7272727272727273,0.10899471061663722
0.7272727272727273,0.3898474868373694
0.7272727272727273,0.18063585732613094
0.7272727272727273,0.10232737019158053
0.7272727272727273,0.4698606919894687
0.7272727272727273,0.22415924354285618
0.7272727272727273,0.17637378939398224
0.7272727272727273,0.4049504380328378
0.7272727272727273,0.18625097556606124
0.7272727272727273,0.12665642332556126
0.7272727272727273,0.41089453933850995
0.7272727272727273,0.20010312019824167
0.7272727272727273,0.11172073516486054
0.7272727272727273,0.9230932892325676
0.7272727272727273,0.5506453008527329
0.7272727272727273,0.4899022257132064
0.7272727272727273,0.7997959685133651
0.7272727272727273,0.4753188074119899
0.7272727272727273,0.3942268880363873
0.7272727272727273,0.8108416806362523
0.7272727272727273,0.4964651571495739
0.7272727272727273,0.3747504653253835
0.7272727272727273,0.4769255691055158
0.7272727272727273,0.22658605714724356
0.7272727272727273,0.18515504114738854
0.7272727272727273,0.37732238259856393
0.7272727272727273,0.16446916776707013
0.7272727272727273,0.10899471061663603
0.7272727272727273,0.38984748683736803
0.7272727272727273,0.18063585732613094
0.7272727272727273,0.10232737019158156
0.7272727272727273,0.46986069198946734
0.7272727272727273,0.22415924354285569
0.7272727272727273,0.17637378939398257
0.7272727272727273,0.40495043803283576
0.7272727272727273,0.18625097556606107
0.7272727272727273,0.1266564233255611
0.7272727272727273,0.4108945393385092
0.7272727272727273,0.20010312019824303
0.7272727272727273,0.11172073516486106
0.7272727272727273,0.8920948412426662
0.7272727272727273,0.5075307236413946
0.7272727272727273,0.480018667398868
0.7272727272727273,0.7792064655980045
0.7272727272727273,0.4614878471683657
0.7272727272727273,0.37656046721626746
0.7272727272727273,0.8087136311188756
0.7272727272727273,0.48913241701540516
0.7272727272727273,0.3816816608607337
0.7272727272727273,0.4561944245567483
0.7272727272727273,0.19688442891063437
0.8181818181818182,0.725730749715488
0.7272727272727273,0.37279564586868175
0.7272727272727273,0.1622839849608351
0.8181818181818182,0.7056125543793019
0.7272727272727273,0.398456711831929
0.8181818181818182,0.7325564452273855
0.8181818181818182,0.7229072229480407
0.7272727272727273,0.4486953312684176
0.7272727272727273,0.19527332112184195
0.7272727272727273,0.1698656930341163
0.7272727272727273,0.3718706583126882
0.7272727272727273,0.16168928896227802
0.8181818181818182,0.6971196747720659
0.7272727272727273,0.3908109851128651
0.8181818181818182,0.7130402797739518
0.8181818181818182,0.7187838532450596
0.7272727272727273,0.8699291980210959
0.7272727272727273,0.497847473821783
0.7272727272727273,0.4605598634037303
0.7272727272727273,0.752311832621954
0.7272727272727273,0.43948856739506015
0.7272727272727273,0.35994498106928385
0.7272727272727273,0.7591448742958413
0.7272727272727273,0.4570815502048107
0.7272727272727273,0.34524913995363316
0.7272727272727273,0.43374564550688294
0.7272727272727273,0.18699871510711136
0.8181818181818182,0.7263398160428826
0.7272727272727273,0.34566921010657115
0.7272727272727273,0.140102985617518
0.9090909090909091,0.7168932542560978
0.7272727272727273,0.3486850088268087
0.9090909090909091,0.7568107235945449
0.9090909090909091,0.7293266302299437
0.7272727272727273,0.43319160735048584
0.7272727272727273,0.1868297121765833
0.8181818181818182,0.718874051693791
0.7272727272727273,0.37224860114873737
0.8181818181818182,0.711115008211358
0.8181818181818182,0.6988862733427591
0.7272727272727273,0.3751767234055682
0.8181818181818182,0.7170042297501741
0.8181818181818182,0.7122816568171133
0.7272727272727273,0.8709959568582559
0.7272727272727273,0.5027434097004201
0.7272727272727273,0.45533274605680724
0.7272727272727273,0.7524269631209568
0.7272727272727273,0.439640747402367
0.7272727272727273,0.3599652625750732
0.7272727272727273,0.7602344562399332
0.7272727272727273,0.4619886564532019
0.7272727272727273,0.3400333132984395
0.7272727272727273,0.44146605032807307
0.7272727272727273,0.19314219042435288
0.8181818181818182,0.7307887760947265
0.7272727272727273,0.34578434060557434
0.9090909090909091,0.7498258825339156
0.9090909090909091,0.715616798015543
0.7272727272727273,0.35642823675493013
0.9090909090909091,0.7596376513729097
0.9090909090909091,0.7338592025778724
0.7272727272727273,0.4342214028792512
0.7272727272727273,0.19166985424173616
0.8181818181818182,0.7273520780795502
0.7272727272727273,0.3722928939101813
0.8181818181818182,0.709714412688069
0.8181818181818182,0.6982211055626213
0.7272727272727273,0.3762156550378332
0.8181818181818182,0.7224993616325954
0.8181818181818182,0.7208587565098116
0.7272727272727273,0.8709959568582523
0.7272727272727273,0.5027434097004208
0.7272727272727273,0.45533274605680757
0.7272727272727273,0.7524269631209535
0.7272727272727273,0.4396407474023677
0.7272727272727273,0.3599652625750729
0.7272727272727273,0.7602344562399326
0.7272727272727273,0.46198865645320125
0.7272727272727273,0.3400333132984405
0.7272727272727273,0.44146605032807307
0.7272727272727273,0.19314219042435324
0.8181818181818182,0.7307887760947268
0.7272727272727273,0.345784340605574
0.9090909090909091,0.7498258825339159
0.9090909090909091,0.7156167980155445
0.7272727272727273,0.35642823675493013
0.9090909090909091,0.7596376513729087
0.9090909090909091,0.7338592025778731
0.7272727272727273,0.4342214028792505
0.7272727272727273,0.19166985424173685
0.8181818181818182,0.727352078079548
0.7272727272727273,0.37229289391018094
0.8181818181818182,0.709714412688069
0.8181818181818182,0.698221105562622
0.7272727272727273,0.3762156550378332
0.8181818181818182,0.7224993616325944
0.8181818181818182,0.7208587565098105
0.7272727272727273,0.7589884900389011
0.7272727272727273,0.41922640636314024
0.7272727272727273,0.37507915104803946
0.7272727272727273,0.6511233286410831
0.7272727272727273,0.37059707011463255
0.7272727272727273,0.28103037840018585
0.7272727272727273,0.6708403768675215
0.7272727272727273,0.39003546437538733
0.7272727272727273,0.2825678611808742
0.7272727272727273,0.36684232647368853
0.7272727272727273,0.13760988367987662
0.8181818181818182,0.6980923807685465
0.7272727272727273,0.28760349884446124
0.7272727272727273,0.10162784418222555
0.8181818181818182,0.6828409758268509
0.7272727272727273,0.3066617766693136
0.8181818181818182,0.7086403832758933
0.8181818181818182,0.6977274920598521
0.7272727272727273,0.3587996387156136
0.7272727272727273,0.13490954812097739
0.7272727272727273,0.10049040211561588
0.7272727272727273,0.28670019468255487
0.7272727272727273,0.10103501634281901
0.8181818181818182,0.6777384425479392
0.7272727272727273,0.29845497946084515
0.8181818181818182,0.6925208952956542
0.8181818181818182,0.6971631608351263
0.7272727272727273,0.7382440997574985
0.7272727272727273,0.40943243802123397
0.7272727272727273,0.35761409923692733
0.7272727272727273,0.6274322825827178
0.7272727272727273,0.35123255667051023
0.7272727272727273,0.2665292335502869
0.7272727272727273,0.6259045324863748
0.7272727272727273,0.36051662649572797
0.7272727272727273,0.25024837026518526
0.7272727272727273,0.34582457147413265
0.7272727272727273,0.12762036375227878
0.8181818181818182,0.6983133048736724
0.7272727272727273,0.2636871810675941
0.7272727272727273,0.08208743485369288
0.9090909090909091,0.690695493594782
0.7272727272727273,0.26153427429411497
0.9090909090909091,0.7274603192973416
0.9090909090909091,0.7024666158118492
0.7272727272727273,0.34530164376780476
0.7272727272727273,0.12745840954060064
0.8181818181818182,0.6943254499875579
0.7272727272727273,0.28706760483453614
0.8181818181818182,0.6932389115830369
0.8181818181818182,0.6779666933330959
0.7272727272727273,0.2848239866236382
0.8181818181818182,0.6946100353756774
0.8181818181818182,0.6906840712552008
0.7272727272727273,0.7366801301379425
0.7272727272727273,0.411709287958701
0.7272727272727273,0.3518612736999748
0.7272727272727273,0.6275468058803508
0.7272727272727273,0.35137981286185294
0.7272727272727273,0.2665520212558837
0.7272727272727273,0.624357576595818
0.7272727272727273,0.362801657822653
0.7272727272727273,0.2445019128295373
0.7272727272727273,0.35149563158015573
0.7272727272727273,0.13224594074228854
0.8181818181818182,0.7021466771055194
0.7272727272727273,0.2638017043652295
0.9090909090909091,0.725086571179235
0.9090909090909091,0.6894414754058643
0.7272727272727273,0.26722234812913354
0.9090909090909091,0.729195896721719
0.9090909090909091,0.7063816318761462
0.7272727272727273,0.3436991426703929
0.7272727272727273,0.1296806415861554
0.8181818181818182,0.7023875035170613
0.7272727272727273,0.2871116425391296
0.8181818181818182,0.6918526492587805
0.8181818181818182,0.6773314532042507
0.7272727272727273,0.2832284425327668
0.8181818181818182,0.6978572421665703
0.8181818181818182,0.6988381048925694
0.7272727272727273,0.7366801301379398
0.7272727272727273,0.4117092879587014
0.7272727272727273,0.35186127369997444
0.7272727272727273,0.6275468058803536
0.7272727272727273,0.3513798128618543
0.7272727272727273,0.26655202125588334
0.7272727272727273,0.6243575765958167
0.7272727272727273,0.36280165782265505
0.7272727272727273,0.2445019128295366
0.7272727272727273,0.3514956315801544
0.7272727272727273,0.1322459407422899
0.8181818181818182,0.702146677105519
0.7272727272727273,0.26380170436522915
0.9090909090909091,0.7250865711792378
0.9090909090909091,0.6894414754058656
0.7272727272727273,0.26722234812913387
0.9090909090909091,0.7291958967217187
0.9090909090909091,0.7063816318761466
0.7272727272727273,0.34369914267039225
0.7272727272727273,0.12968064158615608
0.8181818181818182,0.7023875035170606
0.7272727272727273,0.2871116425391282
0.8181818181818182,0.691852649258782
0.8181818181818182,0.6773314532042517
0.7272727272727273,0.28322844253276613
0.8181818181818182,0.697857242166571
0.8181818181818182,0.6988381048925697
0.7272727272727273,0.7509662406552261
0.7272727272727273,0.4119333597972569
0.6363636363636364,0.36640527255757127
0.7272727272727273,0.6420410785093217
0.7272727272727273,0.3630433339995311
0.6363636363636364,0.26787042620396634
0.7272727272727273,0.6560760472045715
0.7272727272727273,0.3805562386426757
0.6363636363636364,0.263127869219534
0.7272727272727273,0.3603380157988115
0.7272727272727273,0.1326193947543394
0.8181818181818182,0.6778959620071237
0.7272727272727273,0.28003660537129316
0.7272727272727273,0.09576899741979251
0.8181818181818182,0.665216721536797
0.7272727272727273,0.29551612829573043
0.8181818181818182,0.6889494426968351
0.8181818181818182,0.679569681062767
0.7272727272727273,0.3517424972706776
0.7272727272727273,0.12994311396197156
0.6363636363636364,0.09280580705488703
0.7272727272727273,0.279659314879775
0.7272727272727273,0.09570168212856409
0.8181818181818182,0.6601096184667143
0.7272727272727273,0.2873052464130184
0.8181818181818182,0.6733606191078886
0.8181818181818182,0.6790010633840435
0.7272727272727273,0.7302071324880626
0.7272727272727273,0.40217625350559955
0.6363636363636364,0.34835440394611855
0.7272727272727273,0.6183152165775561
0.7272727272727273,0.34363811604535405
0.7272727272727273,0.2539012314557694
0.7272727272727273,0.6110787034255651
0.7272727272727273,0.35102836420484784
0.7272727272727273,0.23074098913876057
0.7272727272727273,0.33930248453339507
0.7272727272727273,0.12266470305890495
0.8181818181818182,0.6786338744919211
0.7272727272727273,0.25607962250456395
0.7272727272727273,0.07618510573996615
0.8181818181818182,0.6735889021835357
0.7272727272727273,0.25032581326656655
0.8181818181818182,0.708286682262857
0.8181818181818182,0.6853431496099939
0.7272727272727273,0.33876856802280825
0.7272727272727273,0.12249497707567805
0.8181818181818182,0.674640334766301
0.7272727272727273,0.2800358820377851
0.8181818181818182,0.6756180411239614
0.8181818181818182,0.6603383713823552
0.7272727272727273,0.27419551064307934
0.8181818181818182,0.6754511338087131
0.8181818181818182,0.6730401484833852
0.7272727272727273,0.7270851432578502
0.7272727272727273,0.4039986542583349
0.6363636363636364,0.3404628008165712
0.7272727272727273,0.6184343541244142
0.7272727272727273,0.3437869261117257
0.7272727272727273,0.2539278545378095
0.7272727272727273,0.6079769106182586
0.7272727272727273,0.35286076895141766
0.7272727272727273,0.22285593238303908
0.7272727272727273,0.3439495141658394
0.7272727272727273,0.12680030330087305
0.8181818181818182,0.6824663890907201
0.7272727272727273,0.25619876005142095
0.8181818181818182,0.7074518281874582
0.8181818181818182,0.6723340263615707
0.7272727272727273,0.2549930393219106
0.8181818181818182,0.7095056479198448
0.8181818181818182,0.6892578542812714
0.7272727272727273,0.3356069747514889
0.7272727272727273,0.12426257375573345
0.8181818181818182,0.6827014155575799
0.7272727272727273,0.28008161913487106
0.8181818181818182,0.6742321011084277
0.8181818181818182,0.6597028142465572
0.7272727272727273,0.27104203627035744
0.8181818181818182,0.6781821788384874
0.8181818181818182,0.6811934109961596
0.7272727272727273,0.7270851432578479
0.7272727272727273,0.40399865425833426
0.6363636363636364,0.3404628008165709
0.7272727272727273,0.6184343541244155
0.7272727272727273,0.3437869261117257
0.7272727272727273,0.25392785453780986
0.7272727272727273,0.6079769106182555
0.7272727272727273,0.3528607689514183
0.7272727272727273,0.22285593238303944
0.7272727272727273,0.3439495141658384
0.7272727272727273,0.12680030330087474
0.8181818181818182,0.6824663890907201
0.7272727272727273,0.2561987600514213
0.8181818181818182,0.7074518281874589
0.8181818181818182,0.6723340263615721
0.7272727272727273,0.2549930393219123
0.8181818181818182,0.7095056479198445
0.8181818181818182,0.6892578542812717
0.7272727272727273,0.3356069747514885
0.7272727272727273,0.12426257375573363
0.8181818181818182,0.6827014155575799
0.7272727272727273,0.2800816191348704
0.8181818181818182,0.6742321011084288
0.8181818181818182,0.6597028142465575
0.7272727272727273,0.2710420362703561
0.8181818181818182,0.6781821788384871
0.8181818181818182,0.6811934109961603
0.7272727272727273,0.8149977829754668
0.7272727272727273,0.4566819918473027
0.7272727272727273,0.411671294149506
0.7272727272727273,0.7011981228894727
0.7272727272727273,0.4080326809284682
0.7272727272727273,0.31170263437110896
0.7272727272727273,0.7202772717686086
0.7272727272727273,0.4274118076022935
0.7272727272727273,0.3126254524335894
0.7272727272727273,0.4042026034663668
0.7272727272727273,0.1623608853928841
0.8181818181818182,0.6879639299516642
0.7272727272727273,0.32067417829752626
0.7272727272727273,0.12635803191821815
0.8181818181818182,0.6785533997653317
0.7272727272727273,0.3396703464814686
0.8181818181818182,0.6958367921252557
0.8181818181818182,0.6962238074417386
0.7272727272727273,0.39550753021646745
0.7272727272727273,0.1595874364415513
0.7272727272727273,0.12440826907484126
0.7272727272727273,0.319697963173978
0.7272727272727273,0.12570567799180266
0.8181818181818182,0.6733222727838621
0.7272727272727273,0.33084787508732544
0.8181818181818182,0.6788870096493397
0.8181818181818182,0.6971053605844606
0.7272727272727273,0.7931885899626346
0.7272727272727273,0.44690628523937237
0.7272727272727273,0.3931311857276105
0.7272727272727273,0.6764103852976066
0.7272727272727273,0.38757349673489366
0.7272727272727273,0.29667184822817855
0.7272727272727273,0.6731694027815832
0.7272727272727273,0.39680559271295934
0.7272727272727273,0.2786986565708074
0.7272727272727273,0.3821097415944249
0.7272727272727273,0.1523794486155629
0.8181818181818182,0.6896647715758962
0.7272727272727273,0.29565958211578824
0.7272727272727273,0.10572199196736362
0.9090909090909091,0.6864205580852363
0.7272727272727273,0.29236559990094535
0.9090909090909091,0.7182460748755465
0.9090909090909091,0.702440264110552
0.7272727272727273,0.38150428417498106
0.7272727272727273,0.15215371618072682
0.8181818181818182,0.6854959217195584
0.7272727272727273,0.3200676589046402
0.8181818181818182,0.6794333738016632
0.8181818181818182,0.6736129810698509
0.7272727272727273,0.316703386394176
0.8181818181818182,0.682364576678705
0.8181818181818182,0.6905971405554887
0.7272727272727273,0.7910564227995868
0.7272727272727273,0.44917556441889156
0.7272727272727273,0.38681378167269076
0.7272727272727273,0.6765080304443785
0.7272727272727273,0.3877066732708516
0.7272727272727273,0.2966840988678509
0.7272727272727273,0.6710586838229323
0.7272727272727273,0.3990838672256206
0.7272727272727273,0.2723925709267892
0.7272727272727273,0.38777043869314465
0.7272727272727273,0.15699627964871837
0.8181818181818182,0.6942017291212454
0.7272727272727273,0.2957572272625618
0.9090909090909091,0.714322949158296
0.9090909090909091,0.6851876892916214
0.7272727272727273,0.2980477452040569
0.9090909090909091,0.7200343256595254
0.9090909090909091,0.7070544066359173
0.7272727272727273,0.37934143638620016
0.7272727272727273,0.15437390181191885
0.8181818181818182,0.695796899105431
0.7272727272727273,0.3201051914038504
0.8181818181818182,0.6780768652473652
0.8181818181818182,0.6729826205454618
0.7272727272727273,0.31454907961445333
0.8181818181818182,0.686336940294202
0.8181818181818182,0.7009891647674547
0.7272727272727273,0.7910564227995837
0.7272727272727273,0.44917556441889017
0.7272727272727273,0.38681378167268976
0.7272727272727273,0.6765080304443754
0.7272727272727273,0.38770667327085195
0.7272727272727273,0.29668409886784985
0.7272727272727273,0.6710586838229303
0.7272727272727273,0.3990838672256199
0.7272727272727273,0.27239257092678953
0.7272727272727273,0.38777043869314365
0.7272727272727273,0.15699627964872007
0.8181818181818182,0.6942017291212468
0.7272727272727273,0.2957572272625608
0.9090909090909091,0.714322949158299
0.9090909090909091,0.6851876892916248
0.7272727272727273,0.29804774520405863
0.9090909090909091,0.7200343256595267
0.9090909090909091,0.707054406635918
0.7272727272727273,0.37934143638619744
0.7272727272727273,0.15437390181191987
0.8181818181818182,0.695796899105431
0.7272727272727273,0.32010519140384974
0.8181818181818182,0.6780768652473675
0.8181818181818182,0.6729826205454639
0.7272727272727273,0.31454907961445333
0.8181818181818182,0.6863369402942027
0.8181818181818182,0.7009891647674543
0.7272727272727273,0.7060757990567612
0.7272727272727273,0.36753770732928626
0.7272727272727273,0.3401925972642013
0.7272727272727273,0.6019981165580925
0.7272727272727273,0.334469833824349
0.7272727272727273,0.24514904475809698
0.7272727272727273,0.618348776812183
0.7272727272727273,0.3516654281570878
0.7272727272727273,0.24652538225713963
0.7272727272727273,0.3306420414462237
0.7272727272727273,0.1014883327313708
0.8181818181818182,0.6830123263446157
0.7272727272727273,0.2545198313329654
0.7272727272727273,0.07712114394331823
0.8181818181818182,0.6794374637315574
0.7272727272727273,0.27142204431012595
0.8181818181818182,0.6824381688080566
0.8181818181818182,0.6971913866621041
0.7272727272727273,0.32242356024647084
0.7272727272727273,0.09972257307424635
0.7272727272727273,0.07742914132941996
0.7272727272727273,0.25357682317730645
0.7272727272727273,0.07648937582164642
0.8181818181818182,0.6771701659740054
0.7272727272727273,0.2630603908015049
0.8181818181818182,0.6700276738499419
0.8181818181818182,0.7020595060155741
0.7272727272727273,0.686110942353371
0.7272727272727273,0.3606901827401029
0.7272727272727273,0.3225266357680865
0.7272727272727273,0.5794153438558883
0.7272727272727273,0.3151012073971813
0.7272727272727273,0.23175451704416206
0.7272727272727273,0.5753060263232795
0.7272727272727273,0.32508774033497456
0.7272727272727273,0.215128253440668
0.7272727272727273,0.3104104470867794
0.7272727272727273,0.0944434430907135
0.8181818181818182,0.684702944590821
0.7272727272727273,0.2317156573851815
0.7272727272727273,0.05757975104207542
0.9090909090909091,0.6831688501301413
0.7272727272727273,0.22819480615028645
0.9090909090909091,0.70413426433771
0.9090909090909091,0.7012451658498686
0.7272727272727273,0.30984019756423775
0.7272727272727273,0.09424091497527617
0.8181818181818182,0.6835381358804944
0.7272727272727273,0.2539380001808671
0.8181818181818182,0.6680227431202826
0.8181818181818182,0.6760832381301952
0.7272727272727273,0.2503430840395163
0.8181818181818182,0.6740468797256366
0.8181818181818182,0.6951196916984849
0.7272727272727273,0.6838773111509467
0.7272727272727273,0.3634047447946357
0.7272727272727273,0.3166763459055379
0.7272727272727273,0.5795163155920687
0.7272727272727273,0.3152357902870361
0.7272727272727273,0.23176620112622168
0.7272727272727273,0.5730941896078009
0.7272727272727273,0.32781025637166167
0.7272727272727273,0.2092928609669155
0.7272727272727273,0.31553951973334793
0.7272727272727273,0.09852832273667735
0.8181818181818182,0.6892493383929871
0.7272727272727273,0.23181662912135878
0.9090909090909091,0.6971298573842294
0.9090909090909091,0.6819481672386685
0.7272727272727273,0.23334567328379685
0.9090909090909091,0.7059188122063285
0.9090909090909091,0.7058628166724509
0.7272727272727273,0.3075752603844865
0.7272727272727273,0.09690597106227698
0.8181818181818182,0.6948758472739726
0.7272727272727273,0.2539768901031954
0.8181818181818182,0.6666927950884158
0.8181818181818182,0.6754689829213243
0.7272727272727273,0.24808686350305129
0.8181818181818182,0.6795867346962043
0.8181818181818182,0.706546484528673
0.7272727272727273,0.6838773111509447
0.7272727272727273,0.363404744794635
0.7272727272727273,0.3166763459055372
0.7272727272727273,0.5795163155920681
0.7272727272727273,0.3152357902870354
0.7272727272727273,0.231766201126222
0.7272727272727273,0.5730941896077985
0.7272727272727273,0.32781025637166133
0.7272727272727273,0.20929286096691632
0.7272727272727273,0.3155395197333476
0.7272727272727273,0.0985283227366787
0.8181818181818182,0.6892493383929864
0.7272727272727273,0.23181662912135897
0.9090909090909091,0.6971298573842301
0.9090909090909091,0.6819481672386691
0.7272727272727273,0.23334567328379738
0.9090909090909091,0.7059188122063278
0.9090909090909091,0.7058628166724502
0.7272727272727273,0.3075752603844865
0.7272727272727273,0.09690597106227664
0.8181818181818182,0.6948758472739722
0.7272727272727273,0.2539768901031937
0.8181818181818182,0.6666927950884173
0.8181818181818182,0.675468982921324
0.7272727272727273,0.24808686350304993
0.8181818181818182,0.6795867346962047
0.8181818181818182,0.706546484528673
0.7272727272727273,0.5914741429959598
0.7272727272727273,0.29722110186779793
0.7272727272727273,0.25297771385127943
0.7272727272727273,0.4937404370024962
0.7272727272727273,0.2568187230090437
0.7272727272727273,0.16788079787394683
0.7272727272727273,0.5040444671830714
0.7272727272727273,0.26899026310418866
0.7272727272727273,0.16571219256486178
0.7272727272727273,0.2545029437918969
0.8181818181818182,0.6866866363041839
0.8181818181818182,0.6580824630380696
0.7272727272727273,0.18311080498826648
0.8181818181818182,0.6656581313336128
0.8181818181818182,0.6515638329619182
0.7272727272727273,0.19547886899834446
0.8181818181818182,0.6679348495280877
0.8181818181818182,0.899357045209039
0.7272727272727273,0.24634750045898862
0.7272727272727273,0.052645844663945764
0.7272727272727273,0.019756673410480225
0.7272727272727273,0.18217361929653056
0.8181818181818182,0.6523820896352039
0.8181818181818182,0.6498706635702816
0.7272727272727273,0.1871648981767869
0.8181818181818182,0.6563654161493947
0.8181818181818182,0.9025350198459199
0.7272727272727273,0.5730833326213602
0.7272727272727273,0.2893034643718099
0.7272727272727273,0.23741178965514054
0.7272727272727273,0.47378325801884147
0.7272727272727273,0.24007994669949229
0.7272727272727273,0.1560282891185156
0.7272727272727273,0.46521950046624133
0.7272727272727273,0.2439877429745998
0.7272727272727273,0.13796376959135573
0.7272727272727273,0.2358546644168623
0.8181818181818182,0.6914391231920383
0.8181818181818182,0.6588964002434727
0.7272727272727273,0.16294388429392756
0.9090909090909091,0.6856580692063803
0.9090909090909091,0.6561701660360041
0.7272727272727273,0.15647905148765257
0.9090909090909091,0.6833082409515344
0.9090909090909091,0.8927801470113231
0.7272727272727273,0.23530121142234242
0.8181818181818182,0.6796937288482943
0.8181818181818182,0.6583924169985138
0.7272727272727273,0.18251598925272058
0.8181818181818182,0.6583913724890414
0.8181818181818182,0.8805776279349348
0.7272727272727273,0.1759840017377538
0.8181818181818182,0.657561528959585
0.8181818181818182,0.8959226195880462
0.7272727272727273,0.5693613966537614
0.7272727272727273,0.2899722683953545
0.7272727272727273,0.23108420443254768
0.7272727272727273,0.4738748636110648
0.7272727272727273,0.24020322016844184
0.7272727272727273,0.15603854705198608
0.7272727272727273,0.4615150893682852
0.7272727272727273,0.24466303753363106
0.7272727272727273,0.13164521571316873
0.7272727272727273,0.2394593363893167
0.8181818181818182,0.6917755636894568
0.8181818181818182,0.6621371815198573
0.7272727272727273,0.1630354898861495
0.9090909090909091,0.6832696396104709
0.9090909090909091,0.8771755367260686
0.7272727272727273,0.16010124832974987
0.9090909090909091,0.6840318273530734
0.9090909090909091,0.8971448270805908
0.7272727272727273,0.23154996718832344
0.8181818181818182,0.6814370628376161
0.8181818181818182,0.6664705952753381
0.7272727272727273,0.1825512867057529
0.8181818181818182,0.657094890058308
0.8181818181818182,0.8800014866077641
0.7272727272727273,0.17223985083094492
0.8181818181818182,0.6595866114621348
0.8181818181818182,0.9053215825650632
0.7272727272727273,0.5693613966537587
0.7272727272727273,0.28997226839535345
0.7272727272727273,0.23108420443254904
0.7272727272727273,0.4738748636110661
0.7272727272727273,0.24020322016844287
0.7272727272727273,0.15603854705198608
0.7272727272727273,0.4615150893682869
0.7272727272727273,0.24466303753363106
0.7272727272727273,0.1316452157131689
0.7272727272727273,0.23945933638931774
0.8181818181818182,0.6917755636894565
0.8181818181818182,0.6621371815198562
0.7272727272727273,0.1630354898861495
0.9090909090909091,0.6832696396104719
0.9090909090909091,0.8771755367260683
0.7272727272727273,0.16010124832975142
0.9090909090909091,0.6840318273530731
0.9090909090909091,0.8971448270805912
0.7272727272727273,0.23154996718832363
0.8181818181818182,0.6814370628376168
0.8181818181818182,0.6664705952753375
0.7272727272727273,0.18255128670575274
0.8181818181818182,0.6570948900583103
0.8181818181818182,0.8800014866077641
0.7272727272727273,0.17223985083094526
0.8181818181818182,0.6595866114621355
0.8181818181818182,0.9053215825650639
0.7272727272727273,0.5988853407036587
0.7272727272727273,0.2975467929500787
0.6363636363636364,0.2599325427223463
0.7272727272727273,0.5016701549678978
0.7272727272727273,0.26043564591720514
0.6363636363636364,0.17203917807056132
0.7272727272727273,0.5108982010242542
0.7272727272727273,0.27314097055759406
0.6363636363636364,0.16825019535837016
0.7272727272727273,0.25813232970465905
0.8181818181818182,0.6867793488722421
0.8181818181818182,0.8704697357243734
0.7272727272727273,0.18673615822289255
0.8181818181818182,0.6674485766172114
0.8181818181818182,0.8540775441261366
0.7272727272727273,0.19856107190679054
0.8181818181818182,0.8838522700792035
0.8181818181818182,0.9008469883808277
0.7272727272727273,0.24999497844129215
0.7272727272727273,0.0530435687868867
0.6363636363636364,0.022917264912283724
0.7272727272727273,0.1863392505789293
0.8181818181818182,0.6547026330905452
0.8181818181818182,0.8519956577682682
0.7272727272727273,0.19079019563052996
0.8181818181818182,0.8721502053254471
0.8181818181818182,0.9034817908390674
0.7272727272727273,0.5804849999804376
0.7272727272727273,0.29017888172574047
0.6363636363636364,0.24380084898975163
0.7272727272727273,0.48115859527931626
0.7272727272727273,0.24314040269949563
0.7272727272727273,0.16019124897867182
0.7272727272727273,0.47152022381877545
0.7272727272727273,0.2481418143495412
0.7272727272727273,0.13994520174067146
0.7272727272727273,0.23948061990732655
0.8181818181818182,0.6920928662487583
0.8181818181818182,0.8684433913475234
0.7272727272727273,0.16601880653650644
0.8181818181818182,0.6868852334556182
0.8181818181818182,0.8506706669389982
0.7272727272727273,0.15901191186250704
0.8181818181818182,0.8889585806054732
0.8181818181818182,0.8937155728199466
0.7272727272727273,0.23893946407429092
0.8181818181818182,0.680345902065346
0.8181818181818182,0.867460472296923
0.7272727272727273,0.1866747504080788
0.8181818181818182,0.8774936366600135
0.8181818181818182,0.8826152710014916
0.7272727272727273,0.17960410429899934
0.8181818181818182,0.8735524575273417
0.8181818181818182,0.8968669525535358
0.7272727272727273,0.5767613050484218
0.7272727272727273,0.29140306910680613
0.6363636363636364,0.23691189142243443
0.7272727272727273,0.48124936497709536
0.7272727272727273,0.24325852330468872
0.7272727272727273,0.1602054602671216
0.7272727272727273,0.4678150777179937
0.7272727272727273,0.24937330228073748
0.7272727272727273,0.13306539429053993
0.7272727272727273,0.2430832647417145
0.8181818181818182,0.6924329019669235
0.8181818181818182,0.8727257224563986
0.7272727272727273,0.16610957623428282
0.8181818181818182,0.8920473730737593
0.8181818181818182,0.8792058604376699
0.7272727272727273,0.16263310552812826
0.8181818181818182,0.8887984894969984
0.8181818181818182,0.8980787424576916
0.7272727272727273,0.2351868884454479
0.8181818181818182,0.6826523654545861
0.8181818181818182,0.875338522200319
0.7272727272727273,0.18670964971785342
0.8181818181818182,0.8762360549155395
0.8181818181818182,0.8820406309642238
0.7272727272727273,0.17585893277762038
0.8181818181818182,0.8741872880929059
0.8181818181818182,0.9057030103451496
0.7272727272727273,0.5767613050484192
0.7272727272727273,0.2914030691068058
0.6363636363636364,0.23691189142243596
0.7272727272727273,0.48124936497709364
0.7272727272727273,0.24325852330469008
0.7272727272727273,0.16020546026712212
0.7272727272727273,0.467815077717993
0.7272727272727273,0.24937330228073784
0.7272727272727273,0.13306539429054046
0.7272727272727273,0.24308326474171482
0.8181818181818182,0.6924329019669229
0.8181818181818182,0.8727257224563961
0.7272727272727273,0.16610957623428368
0.8181818181818182,0.8920473730737576
0.8181818181818182,0.8792058604376688
0.7272727272727273,0.16263310552812946
0.8181818181818182,0.8887984894969946
0.8181818181818182,0.8980787424576903
0.7272727272727273,0.23518688844544738
0.8181818181818182,0.6826523654545857
0.8181818181818182,0.8753385222003177
0.7272727272727273,0.18670964971785342
0.8181818181818182,0.8762360549155391
0.8181818181818182,0.8820406309642238
0.7272727272727273,0.17585893277762074
0.8181818181818182,0.8741872880929059
0.8181818181818182,0.9057030103451486
0.7272727272727273,0.7885228834227672
0.7272727272727273,0.4316007349825554
0.6363636363636364,0.38519888848913736
0.7272727272727273,0.6721577199621314
0.7272727272727273,0.3873353549016375
0.6363636363636364,0.2800476240505852
0.7272727272727273,0.6817528031897073
0.7272727272727273,0.4015831850570004
0.6363636363636364,0.27460581502992465
0.7272727272727273,0.38453926961721885
0.7272727272727273,0.14427293275850572
0.8181818181818182,0.6635891274428213
0.7272727272727273,0.29925009698554605
0.7272727272727273,0.11113958784046125
0.8181818181818182,0.6646544120449607
0.7272727272727273,0.3125604065385028
0.8181818181818182,0.6651510684731874
0.8181818181818182,0.6847929722750228
0.7272727272727273,0.37464726147303573
0.7272727272727273,0.14145755588453957
0.6363636363636364,0.10495742445751596
0.7272727272727273,0.29877980840558666
0.7272727272727273,0.11099837453811727
0.8181818181818182,0.6622873742440817
0.7272727272727273,0.3030845362449064
0.8181818181818182,0.6514321599302321
0.8181818181818182,0.6906290159906655
0.7272727272727273,0.7665319508222936
0.7272727272727273,0.4228196561967861
0.6363636363636364,0.3659511164627473
0.7272727272727273,0.6479172586246135
0.7272727272727273,0.3668396115797924
0.7272727272727273,0.26612647114661586
0.7272727272727273,0.6349912645795421
0.7272727272727273,0.3719195552409196
0.7272727272727273,0.24107119034302765
0.7272727272727273,0.36226240143689525
0.7272727272727273,0.13527976609407755
0.8181818181818182,0.6663045917401439
0.7272727272727273,0.274778655259758
0.7272727272727273,0.09046360029369484
0.8181818181818182,0.66890296260821
0.7272727272727273,0.2656077125244563
0.8181818181818182,0.6888417677120615
0.8181818181818182,0.6903743647097145
0.7272727272727273,0.36163173553242833
0.7272727272727273,0.13503654829756837
0.8181818181818182,0.6650071249080242
0.7272727272727273,0.29915578724115327
0.8181818181818182,0.6515752667346851
0.8181818181818182,0.6612771508045137
0.7272727272727273,0.28991484446769317
0.8181818181818182,0.6558369231569934
0.8181818181818182,0.6837099184137692
0.7272727272727273,0.7616763820578325
0.7272727272727273,0.4240505378752072
0.6363636363636364,0.3574284301670296
0.7272727272727273,0.6480127426061837
0.7272727272727273,0.3669712293615445
0.7272727272727273,0.26613364277188634
0.7272727272727273,0.6301532606266207
0.7272727272727273,0.37315495406393423
0.7272727272727273,0.23255647063860227
0.7272727272727273,0.36636024620635566
0.7272727272727273,0.1388741664343238
0.8181818181818182,0.6715748691225986
0.7272727272727273,0.27487413924132503
0.8181818181818182,0.6836837508654559
0.8181818181818182,0.6677246080058066
0.7272727272727273,0.2697231221054517
0.8181818181818182,0.690152050817799
0.8181818181818182,0.6956955627171773
0.7272727272727273,0.35674532852334034
0.7272727272727273,0.13621771510218256
0.8181818181818182,0.6781069681673658
0.7272727272727273,0.2991923782091172
0.8181818181818182,0.6503289071512652
0.8181818181818182,0.6606877600964463
0.7272727272727273,0.2850354319771886
0.8181818181818182,0.6605760788855654
0.8181818181818182,0.6968899280320835
0.7272727272727273,0.7616763820578301
0.7272727272727273,0.42405053787520586
0.6363636363636364,0.35742843016703024
0.7272727272727273,0.6480127426061799
0.7272727272727273,0.3669712293615455
0.7272727272727273,0.26613364277188634
0.7272727272727273,0.6301532606266167
0.7272727272727273,0.3731549540639353
0.7272727272727273,0.23255647063860363
0.7272727272727273,0.3663602462063536
0.7272727272727273,0.13887416643432585
0.8181818181818182,0.6715748691226007
0.7272727272727273,0.2748741392413257
0.8181818181818182,0.6836837508654583
0.8181818181818182,0.6677246080058103
0.7272727272727273,0.269723122105452
0.8181818181818182,0.6901520508178014
0.8181818181818182,0.6956955627171789
0.7272727272727273,0.3567453285233373
0.7272727272727273,0.13621771510218256
0.8181818181818182,0.6781069681673663
0.7272727272727273,0.29919237820911654
0.8181818181818182,0.6503289071512636
0.8181818181818182,0.6606877600964479
0.7272727272727273,0.2850354319771886
0.8181818181818182,0.660576078885565
0.8181818181818182,0.6968899280320842
0.7272727272727273,0.6980736424332206
0.7272727272727273,0.36041497351300705
0.6363636363636364,0.33143813773486974
0.7272727272727273,0.5928041993400368
0.7272727272727273,0.3269931000185171
0.6363636363636364,0.2317905984372901
0.7272727272727273,0.6034160895840398
0.7272727272727273,0.3422383670705749
0.6363636363636364,0.2268435263610647
0.7272727272727273,0.32416695984462945
0.8181818181818182,0.6641232936512877
0.8181818181818182,0.6612743413086978
0.7272727272727273,0.24689357605812567
0.8181818181818182,0.6548934733630639
0.8181818181818182,0.6604803501938865
0.7272727272727273,0.2601765429893022
0.8181818181818182,0.660951604162466
0.8181818181818182,0.9332922868561094
0.7272727272727273,0.3153622798064283
0.7272727272727273,0.0948600429002767
0.6363636363636364,0.06967735361538789
0.7272727272727273,0.24643941513207024
0.8181818181818182,0.6392071013217654
0.8181818181818182,0.6583647783646958
0.7272727272727273,0.25177501936412383
0.8181818181818182,0.6492973877923812
0.8181818181818182,0.9374229605975105
0.7272727272727273,0.6780890342559672
0.7272727272727273,0.3536030843795725
0.6363636363636364,0.31317934887486015
0.7272727272727273,0.5701858640319102
0.7272727272727273,0.3075818445344108
0.7272727272727273,0.21892958171609606
0.7272727272727273,0.5603114550492846
0.7272727272727273,0.3156479241650014
0.7272727272727273,0.19537957854495303
0.7272727272727273,0.30391298540215156
0.8181818181818182,0.6741859987328724
0.8181818181818182,0.6634699156512446
0.7272727272727273,0.22405582366828222
0.8181818181818182,0.6791600581388316
0.8181818181818182,0.6647478372823782
0.7272727272727273,0.2168910855242006
0.8181818181818182,0.6829907404410883
0.8181818181818182,0.9260324387764207
0.7272727272727273,0.30330183080227413
0.8181818181818182,0.6594317460780741
0.8181818181818182,0.6624599819891853
0.7272727272727273,0.24679691410452204
0.8181818181818182,0.648202466357057
0.8181818181818182,0.9093251583994428
0.7272727272727273,0.2395703782830405
0.8181818181818182,0.6532853393654025
0.8181818181818182,0.9297934321672776
0.7272727272727273,0.6742800753148045
0.7272727272727273,0.3558552997185789
0.6363636363636364,0.3051750400682976
0.7272727272727273,0.5702747484604663
0.7272727272727273,0.30770735626820633
0.7272727272727273,0.2189320236484158
0.7272727272727273,0.5565225716775896
0.7272727272727273,0.3179058170739042
0.7272727272727273,0.18738574296314572
0.7272727272727273,0.3080052370508122
0.8181818181818182,0.675233327937598
0.8181818181818182,0.6680828097482446
0.7272727272727273,0.2241447080968374
0.8181818181818182,0.6770492353558538
0.8181818181818182,0.9053530761408088
0.7272727272727273,0.22100341274232668
0.8181818181818182,0.6843310149240273
0.8181818181818182,0.931734123926994
0.7272727272727273,0.29946553129990894
0.8181818181818182,0.6642516629686437
0.8181818181818182,0.6738241387769941
0.7272727272727273,0.24683103981133467
0.8181818181818182,0.6470079751386447
0.8181818181818182,0.9087598133868691
0.7272727272727273,0.2357420173096565
0.8181818181818182,0.6583470879085873
0.8181818181818182,0.9418932243967109
0.7272727272727273,0.6742800753148032
0.7272727272727273,0.35585529971857954
0.6363636363636364,0.30517504006829865
0.7272727272727273,0.570274748460466
0.7272727272727273,0.30770735626820633
0.7272727272727273,0.2189320236484165
0.7272727272727273,0.5565225716775879
0.7272727272727273,0.31790581707390453
0.7272727272727273,0.18738574296314606
0.7272727272727273,0.3080052370508125
0.8181818181818182,0.6752333279375998
0.8181818181818182,0.6680828097482466
0.7272727272727273,0.22414470809683773
0.8181818181818182,0.6770492353558555
0.8181818181818182,0.9053530761408078
0.7272727272727273,0.22100341274232754
0.8181818181818182,0.6843310149240269
0.8181818181818182,0.931734123926994
0.7272727272727273,0.2994655312999082
0.8181818181818182,0.6642516629686437
0.8181818181818182,0.6738241387769938
0.7272727272727273,0.246831039811334
0.8181818181818182,0.6470079751386454
0.8181818181818182,0.9087598133868666
0.7272727272727273,0.2357420173096565
0.8181818181818182,0.658347087908587
0.8181818181818182,0.9418932243967094
0.7272727272727273,0.5804416548276808
0.7272727272727273,0.27979779619129
0.6363636363636364,0.24208336759911303
0.7272727272727273,0.4817678791453392
0.7272727272727273,0.24733056156425046
0.6363636363636364,0.15354964775732724
0.7272727272727273,0.4871720482759626
0.7272727272727273,0.2568068292818456
0.6363636363636364,0.1496625436296219
0.7272727272727273,0.24498359309399406
0.8181818181818182,0.667110316510086
0.8181818181818182,0.8663514840254453
0.7272727272727273,0.17292291600420157
0.8181818181818182,0.6559924106363128
0.8181818181818182,0.8534122946574637
0.7272727272727273,0.18262013235005
0.8181818181818182,0.8758152684470282
0.8181818181818182,0.9107904257409427
0.7272727272727273,0.23619288615347467
0.7272727272727273,0.03990087078304678
0.6363636363636364,0.011114860274377242
0.7272727272727273,0.17249434968583313
0.8181818181818182,0.6446902236657667
0.8181818181818182,0.8541640645319682
0.7272727272727273,0.17419897675616364
0.8181818181818182,0.8661924322410995
0.8181818181818182,0.9172670174997921
0.7272727272727273,0.5618807272885923
0.7272727272727273,0.27338914490765653
0.6363636363636364,0.22583512194273386
0.7272727272727273,0.4618323844442112
0.7272727272727273,0.23003663520087964
0.7272727272727273,0.14227482911491318
0.7272727272727273,0.4482069577974264
0.7272727272727273,0.23276022944183145
0.7272727272727273,0.12182277284336487
0.7272727272727273,0.22617297967400865
0.8181818181818182,0.6739366971053662
0.8181818181818182,0.8637088647340875
0.7272727272727273,0.15278510493411557
0.8181818181818182,0.6740421277186693
0.8181818181818182,0.8464528870700998
0.7272727272727273,0.143490685594405
0.8181818181818182,0.8811395731255671
0.8181818181818182,0.9004576957522036
0.7272727272727273,0.22560293754881777
0.8181818181818182,0.6636799020203891
0.8181818181818182,0.865561827506231
0.7272727272727273,0.17282407113691797
0.8181818181818182,0.8718427692190758
0.8181818181818182,0.8911569236094736
0.7272727272727273,0.16347008136426755
0.8181818181818182,0.8685236384003161
0.8181818181818182,0.9086919679067936
0.7272727272727273,0.5569944003392993
0.7272727272727273,0.27402749401493603
0.6363636363636364,0.21888370215174532
0.7272727272727273,0.4619118840888006
0.7272727272727273,0.2301471737536599
0.7272727272727273,0.1422779528980236
0.7272727272727273,0.4433351897752513
0.7272727272727273,0.23340079713664136
0.7272727272727273,0.1148803004421104
0.7272727272727273,0.22923489372583436
0.8181818181818182,0.6743631620167476
0.8181818181818182,0.8687091804803904
0.7272727272727273,0.15286460457870374
0.8181818181818182,0.8836818900163789
0.8181818181818182,0.8827141596434228
0.7272727272727273,0.14656715857334943
0.8181818181818182,0.8804730386376278
0.8181818181818182,0.9055172540693422
0.7272727272727273,0.2206912560624901
0.8181818181818182,0.6672996662711674
0.8181818181818182,0.8756541664360801
0.7272727272727273,0.17285458464938458
0.8181818181818182,0.8706729990129073
0.8181818181818182,0.8906132198113568
0.7272727272727273,0.15856422531680966
0.8181818181818182,0.8693265932988858
0.8181818181818182,0.9192142117210254
0.7272727272727273,0.5569944003392978
0.7272727272727273,0.27402749401493504
0.6363636363636364,0.218883702151746
0.7272727272727273,0.46191188408880196
0.7272727272727273,0.2301471737536616
0.7272727272727273,0.14227795289802447
0.7272727272727273,0.44333518977525266
0.7272727272727273,0.23340079713664205
0.7272727272727273,0.1148803004421104
0.7272727272727273,0.2292348937258342
0.8181818181818182,0.674363162016748
0.8181818181818182,0.8687091804803887
0.7272727272727273,0.1528646045787034
0.8181818181818182,0.8836818900163775
0.8181818181818182,0.8827141596434228
0.7272727272727273,0.14656715857335095
0.8181818181818182,0.8804730386376265
0.8181818181818182,0.9055172540693416
0.7272727272727273,0.22069125606248977
0.8181818181818182,0.6672996662711681
0.8181818181818182,0.8756541664360794
0.7272727272727273,0.17285458464938475
0.8181818181818182,0.8706729990129066
0.8181818181818182,0.8906132198113571
0.7272727272727273,0.15856422531680966
0.8181818181818182,0.8693265932988855
0.8181818181818182,0.9192142117210257
0.7272727272727273,0.5644121503496351
0.7272727272727273,0.2717766092165225
0.6363636363636364,0.22603571492329028
0.7272727272727273,0.4641609024593857
0.7272727272727273,0.2357100752500005
0.6363636363636364,0.13585039794739864
0.7272727272727273,0.46496164229398773
0.7272727272727273,0.24269623486290745
0.6363636363636364,0.12733610958624142
0.7272727272727273,0.234418042162347
0.8181818181818182,0.649930733181774
0.8181818181818182,0.8799221333939188
0.7272727272727273,0.16131000823896396
0.8181818181818182,0.6360983590561772
0.8181818181818182,0.8616267702832365
0.7272727272727273,0.1679710592997205
0.8181818181818182,0.8881231046898074
0.8181818181818182,0.8960636290652317
0.7272727272727273,0.22509323006116816
0.7272727272727273,0.0342610562210947
0.6363636363636364,0.0
0.7272727272727273,0.16088273015986618
0.8181818181818182,0.6247960416770919
0.8181818181818182,0.8623845592672762
0.7272727272727273,0.1590223523400492
0.8181818181818182,0.8785334319449895
0.8181818181818182,0.9020066945300116
0.7272727272727273,0.5458421597652486
0.7272727272727273,0.2648438286170451
0.6363636363636364,0.20976844982735723
0.7272727272727273,0.4447482618798354
0.7272727272727273,0.21893474588385872
0.7272727272727273,0.12510616806299535
0.7272727272727273,0.42650423543870386
0.7272727272727273,0.21864457813819765
0.7272727272727273,0.09999719850312101
0.7272727272727273,0.21559719680226092
0.8181818181818182,0.6561989125874012
0.8181818181818182,0.8761821902694028
0.7272727272727273,0.1416930935597761
0.8181818181818182,0.6552253484474414
0.8181818181818182,0.8546755271226519
0.7272727272727273,0.1293502002630407
0.8181818181818182,0.8929239185222541
0.8181818181818182,0.8862339221829091
0.7272727272727273,0.21502739932501608
0.8181818181818182,0.6459423872744496
0.8181818181818182,0.8780407825806464
0.7272727272727273,0.16121528069674929
0.8181818181818182,0.8840676997181075
0.8181818181818182,0.8794912020225658
0.7272727272727273,0.14881429644943447
0.8181818181818182,0.8808635888653108
0.8181818181818182,0.8939505698440272
0.7272727272727273,0.5394040556686397
0.7272727272727273,0.26446917362217204
0.6363636363636364,0.20124711142353224
0.7272727272727273,0.4448299680872756
0.7272727272727273,0.21904317774122928
0.7272727272727273,0.12511445670237015
0.7272727272727273,0.42008031844917193
0.7272727272727273,0.21827314145338553
0.7272727272727273,0.09148233582258504
0.7272727272727273,0.21763787199320875
0.8181818181818182,0.6561060930778156
0.8181818181818182,0.8801519669608568
0.7272727272727273,0.1417747997672129
0.8181818181818182,0.8953537683013687
0.8181818181818182,0.8715676765722447
0.7272727272727273,0.13140506256106224
0.8181818181818182,0.8922867027126709
0.8181818181818182,0.8902608337265299
0.7272727272727273,0.20856266167592136
0.8181818181818182,0.648484922190424
0.8181818181818182,0.8860023152738526
0.7272727272727273,0.16124656241077912
0.8181818181818182,0.88289718912526
0.8181818181818182,0.8789494411379742
0.7272727272727273,0.1423552078601859
0.8181818181818182,0.8817321894080224
0.8181818181818182,0.9028990800376432
0.7272727272727273,0.5394040556686384
0.7272727272727273,0.26446917362217276
0.6363636363636364,0.20124711142353277
0.7272727272727273,0.444829968087276
0.7272727272727273,0.219043177741231
0.7272727272727273,0.12511445670237084
0.7272727272727273,0.4200803184491699
0.7272727272727273,0.21827314145338655
0.7272727272727273,0.09148233582258572
0.7272727272727273,0.21763787199320944
0.8181818181818182,0.6561060930778166
0.8181818181818182,0.8801519669608554
0.7272727272727273,0.14177479976721377
0.8181818181818182,0.8953537683013677
0.8181818181818182,0.8715676765722437
0.7272727272727273,0.13140506256106343
0.8181818181818182,0.8922867027126671
0.8181818181818182,0.8902608337265274
0.7272727272727273,0.2085626616759207
0.8181818181818182,0.648484922190424
0.8181818181818182,0.886002315273851
0.7272727272727273,0.16124656241077961
0.8181818181818182,0.88289718912526
0.8181818181818182,0.8789494411379735
0.7272727272727273,0.14235520786018693
0.8181818181818182,0.8817321894080218
0.8181818181818182,0.9028990800376422
